comparison,crowding,sample_id,stroke_x0,stroke_y0,stroke_x1,stroke_y1,stroke_width,stroke_value,stroke_length_normalized,changed_pixel_count,changed_pixel_fraction,pixel_mean_absolute_difference,global_cosine_distance,patch_mean_cosine_distance,patch_max_cosine_distance,patch_top10pct_mean_cosine_distance,changed_patch_fraction,patch_changed_region_mean_cosine_distance,patch_unchanged_region_mean_cosine_distance,localization_enrichment,localization_topk_recall,localization_topk_lift,patch_reference_region_mean_cosine_distance,patch_reference_outside_mean_cosine_distance,reference_region_enrichment
no_change,0,0,0.6370846776486907,0.382361699386086,0.47889692702534387,0.7458769452659896,2,0,0.39644255376334275,0,0.0,0.0,0.0,1.83936208486557e-08,2.980232238769531e-07,1.4901161193847656e-07,0.0,,1.83936208486557e-08,,,,0.0,1.9141328522209733e-08,0.0
tiny_pixel_noise,0,0,0.6370846776486907,0.382361699386086,0.47889692702534387,0.7458769452659896,2,0,0.39644255376334275,1487,0.363037109375,0.0019425934879109263,0.08754980564117432,0.20902188122272491,0.47263526916503906,0.384864866733551,0.99609375,0.20903487503528595,0.2057042121887207,1.0161915150454457,0.9960784316062927,0.9999846215341606,0.2457548826932907,0.20752865076065063,1.1841973712667153
pixel_matched_noise,0,0,0.6370846776486907,0.382361699386086,0.47889692702534387,0.7458769452659896,2,0,0.39644255376334275,1910,0.46630859375,0.011714920401573181,0.2209172248840332,0.355476438999176,0.6121619343757629,0.5761621594429016,1.0,0.355476438999176,,,1.0,1.0,0.3286304473876953,0.35656774044036865,0.9216494093992625
sparse_pixel_matched_noise,0,0,0.6370846776486907,0.382361699386086,0.47889692702534387,0.7458769452659896,2,0,0.39644255376334275,48,0.01171875,0.01171875,0.5723374485969543,0.42519786953926086,0.7666832804679871,0.7127264738082886,0.1796875,0.5220827460289001,0.4039754867553711,1.2923624406573198,0.3695652186870575,2.0567107822584068,0.32032111287117004,0.42946115136146545,0.7458674943139728
add_stroke,0,0,0.6370846776486907,0.382361699386086,0.47889692702534387,0.7458769452659896,2,0,0.39644255376334275,48,0.01171875,0.01171875,0.3642798662185669,0.412963330745697,0.8224901556968689,0.7358776926994324,0.0390625,0.7712370157241821,0.39839935302734375,1.935839026503763,0.699999988079071,17.91999969482422,0.7712370157241821,0.39839935302734375,1.935839026503763
shift_position,0,0,0.6370846776486907,0.382361699386086,0.47889692702534387,0.7458769452659896,2,0,0.39644255376334275,96,0.0234375,0.0234375,0.009456396102905273,0.047354042530059814,0.6362674236297607,0.20034097135066986,0.05859375,0.1272493451833725,0.04238130524754524,3.0024876402489484,0.3333333432674408,5.6888890584309895,0.11888600885868073,0.04444624111056328,2.6748270694690035
change_width,0,0,0.6370846776486907,0.382361699386086,0.47889692702534387,0.7458769452659896,2,0,0.39644255376334275,114,0.02783203125,0.02783203125,0.2183179259300232,0.17215780913829803,0.41927796602249146,0.3491669297218323,0.0625,0.36664021015167236,0.15919232368469238,2.3031274477647927,0.8125,13.0,0.39183443784713745,0.1632278710603714,2.4005363502058645
change_intensity,0,0,0.6370846776486907,0.382361699386086,0.47889692702534387,0.7458769452659896,2,0,0.39644255376334275,48,0.01171875,0.007352941203862429,0.04455149173736572,0.03759199380874634,0.11068511009216309,0.06135239079594612,0.0390625,0.06746648252010345,0.03637758642435074,1.8546167888406737,0.699999988079071,17.91999969482422,0.06746648252010345,0.03637758642435074,1.8546167888406737
no_change,5,0,0.6370846776486907,0.382361699386086,0.47889692702534387,0.7458769452659896,2,0,0.39644255376334275,0,0.0,0.0,0.0,1.7695128917694092e-08,2.384185791015625e-07,1.352566982859571e-07,0.0,,1.7695128917694092e-08,,,,2.9802322387695312e-08,1.720296616269934e-08,1.7323944083732936
tiny_pixel_noise,5,0,0.6370846776486907,0.382361699386086,0.47889692702534387,0.7458769452659896,2,0,0.39644255376334275,1519,0.370849609375,0.0020402497611939907,0.026386141777038574,0.08640455454587936,0.5050122737884521,0.33246228098869324,0.99609375,0.08663419634103775,0.027846217155456543,3.1111657234225634,0.9960784316062927,0.9999846215341606,0.01624864898622036,0.0892564207315445,0.182044595257648
pixel_matched_noise,5,0,0.6370846776486907,0.382361699386086,0.47889692702534387,0.7458769452659896,2,0,0.39644255376334275,1703,0.415771484375,0.0030426622834056616,0.017501354217529297,0.06652384251356125,0.46384572982788086,0.2662338614463806,1.0,0.06652384251356125,,,1.0,1.0,0.012185091152787209,0.06873273104429245,0.17728222009590955
sparse_pixel_matched_noise,5,0,0.6370846776486907,0.382361699386086,0.47889692702534387,0.7458769452659896,2,0,0.39644255376334275,38,0.00927734375,0.0030857459641993046,0.12149602174758911,0.1791263073682785,0.6225183606147766,0.5438680648803711,0.140625,0.2685304880142212,0.1644965410232544,1.632438508091546,0.3611111044883728,2.567901187472873,0.04455358907580376,0.18459674715995789,0.24135630644237144
add_stroke,5,0,0.6370846776486907,0.382361699386086,0.47889692702534387,0.7458769452659896,2,0,0.39644255376334275,38,0.00927734375,0.0030857459641993046,0.03275120258331299,0.02593032456934452,0.1408565640449524,0.04639870673418045,0.0390625,0.04061703756451607,0.025333307683467865,1.6033057377273372,0.5,12.8,0.04061703756451607,0.025333307683467865,1.6033057377273372
shift_position,5,0,0.6370846776486907,0.382361699386086,0.47889692702534387,0.7458769452659896,2,0,0.39644255376334275,76,0.0185546875,0.012363090179860592,0.029106497764587402,0.035503070801496506,0.5983375310897827,0.13590319454669952,0.05859375,0.0733475536108017,0.03314760699868202,2.2127556180365615,0.4000000059604645,6.826666768391927,0.05216249078512192,0.03482586145401001,1.4978090593395985
change_width,5,0,0.6370846776486907,0.382361699386086,0.47889692702534387,0.7458769452659896,2,0,0.39644255376334275,90,0.02197265625,0.011724494397640228,0.14587152004241943,0.09341593086719513,0.5316957831382751,0.29010865092277527,0.0625,0.29235830903053284,0.08015310019254684,3.6474984539365103,0.625,10.0,0.3320019245147705,0.08371730893850327,3.9657500787400033
change_intensity,5,0,0.6370846776486907,0.382361699386086,0.47889692702534387,0.7458769452659896,2,0,0.39644255376334275,48,0.01171875,0.007352941203862429,0.04256969690322876,0.04104290530085564,0.3437570333480835,0.13867419958114624,0.0390625,0.19385871291160583,0.03483087569475174,5.565714586406915,0.699999988079071,17.91999969482422,0.19385871291160583,0.03483087569475174,5.565714586406915
no_change,15,0,0.6370846776486907,0.382361699386086,0.47889692702534387,0.7458769452659896,2,0,0.39644255376334275,0,0.0,0.0,0.0,1.792795956134796e-08,2.980232238769531e-07,1.444266359840185e-07,0.0,,1.792795956134796e-08,,,,2.9802322387695312e-08,1.7445261235593534e-08,1.7083333969737116
tiny_pixel_noise,15,0,0.6370846776486907,0.382361699386086,0.47889692702534387,0.7458769452659896,2,0,0.39644255376334275,1737,0.424072265625,0.002351409289985895,0.013672232627868652,0.024771202355623245,0.20622068643569946,0.08669614791870117,1.0,0.024771202355623245,,,1.0,1.0,0.012540817260742188,0.025268372148275375,0.49630491379311614
pixel_matched_noise,15,0,0.6370846776486907,0.382361699386086,0.47889692702534387,0.7458769452659896,2,0,0.39644255376334275,2085,0.509033203125,0.004073797259479761,0.00783383846282959,0.02033654972910881,0.19999730587005615,0.07636577636003494,1.0,0.02033654972910881,,,1.0,1.0,0.00788908638060093,0.020842544734477997,0.3785087896465303
sparse_pixel_matched_noise,15,0,0.6370846776486907,0.382361699386086,0.47889692702534387,0.7458769452659896,2,0,0.39644255376334275,46,0.01123046875,0.004099647514522076,0.01799321174621582,0.05154421925544739,0.4008345603942871,0.2105134278535843,0.171875,0.06329333782196045,0.04910571500658989,1.2889199925806316,0.1818181872367859,1.0578512711958452,0.019712412729859352,0.052838198840618134,0.37307124698402655
add_stroke,15,0,0.6370846776486907,0.382361699386086,0.47889692702534387,0.7458769452659896,2,0,0.39644255376334275,46,0.01123046875,0.004099647514522076,0.018492937088012695,0.025457441806793213,0.23845219612121582,0.10675781220197678,0.0390625,0.153263658285141,0.020262064412236214,7.564069246201065,0.699999988079071,17.91999969482422,0.153263658285141,0.020262064412236214,7.564069246201065
shift_position,15,0,0.6370846776486907,0.382361699386086,0.47889692702534387,0.7458769452659896,2,0,0.39644255376334275,93,0.022705078125,0.012285538949072361,0.013363003730773926,0.026079248636960983,0.3658185601234436,0.1365794837474823,0.05859375,0.1716916859149933,0.017016232013702393,10.089876876193145,0.800000011920929,13.653333536783855,0.1496393233537674,0.021056480705738068,7.106568540344418
change_width,15,0,0.6370846776486907,0.382361699386086,0.47889692702534387,0.7458769452659896,2,0,0.39644255376334275,111,0.027099609375,0.013239123858511448,0.03932303190231323,0.04001760855317116,0.3750593662261963,0.17357803881168365,0.0625,0.17733806371688843,0.03086290881037712,5.745993185751226,0.625,10.0,0.19929619133472443,0.03354286402463913,5.941537704959544
change_intensity,15,0,0.6370846776486907,0.382361699386086,0.47889692702534387,0.7458769452659896,2,0,0.39644255376334275,48,0.01171875,0.007352941203862429,0.05235767364501953,0.04810630530118942,0.30677932500839233,0.14297570288181305,0.0390625,0.19038814306259155,0.042322490364313126,4.498509927552121,0.800000011920929,20.480000305175782,0.19038814306259155,0.042322490364313126,4.498509927552121
no_change,0,1,0.28107406109154015,0.7378966517865971,0.446994195677409,0.37470321304918414,2,0,0.3992980904072793,0,0.0,0.0,0.0,1.83936208486557e-08,2.980232238769531e-07,1.4901161193847656e-07,0.0,,1.83936208486557e-08,,,,1.9868215517249155e-08,1.833989138333436e-08,1.0833333252618713
tiny_pixel_noise,0,1,0.28107406109154015,0.7378966517865971,0.446994195677409,0.37470321304918414,2,0,0.3992980904072793,1381,0.337158203125,0.0018592984415590763,0.10038870573043823,0.22486239671707153,0.4562566876411438,0.3875390291213989,1.0,0.22486239671707153,,,1.0,1.0,0.3317193388938904,0.2209688276052475,1.5012042308813554
pixel_matched_noise,0,1,0.28107406109154015,0.7378966517865971,0.446994195677409,0.37470321304918414,2,0,0.3992980904072793,1924,0.4697265625,0.011211320757865906,0.2254011631011963,0.3538411557674408,0.5777071714401245,0.5462030172348022,1.0,0.3538411557674408,,,1.0,1.0,0.39845535159111023,0.3522154986858368,1.1312828455244035
sparse_pixel_matched_noise,0,1,0.28107406109154015,0.7378966517865971,0.446994195677409,0.37470321304918414,2,0,0.3992980904072793,46,0.01123046875,0.01123046875,0.5765466094017029,0.42670679092407227,0.7359619140625,0.7036088109016418,0.16796875,0.5287408828735352,0.40610837936401367,1.3019698921297074,0.39534884691238403,2.3537047630132633,0.33456599712371826,0.4300641417503357,0.7779444149006574
add_stroke,0,1,0.28107406109154015,0.7378966517865971,0.446994195677409,0.37470321304918414,2,0,0.3992980904072793,46,0.01123046875,0.01123046875,0.37489140033721924,0.41098523139953613,0.8053219318389893,0.7313676476478577,0.03515625,0.7746796011924744,0.3977331519126892,1.947737063071204,0.7777777910232544,22.123457166883682,0.7746796011924744,0.3977331519126892,1.947737063071204
shift_position,0,1,0.28107406109154015,0.7378966517865971,0.446994195677409,0.37470321304918414,2,0,0.3992980904072793,94,0.02294921875,0.02294921875,0.012621402740478516,0.042779818177223206,0.34164565801620483,0.1680849939584732,0.05859375,0.12802831828594208,0.0374738909304142,3.4164671750707627,0.3333333432674408,5.6888890584309895,0.12156859785318375,0.03990896791219711,3.046147375212616
change_width,0,1,0.28107406109154015,0.7378966517865971,0.446994195677409,0.37470321304918414,2,0,0.3992980904072793,110,0.02685546875,0.02685546875,0.18268704414367676,0.15312406420707703,0.39128172397613525,0.31423670053482056,0.05859375,0.34062105417251587,0.14145411550998688,2.407996776512787,0.800000011920929,13.653333536783855,0.3664173483848572,0.14535224437713623,2.520892263858942
change_intensity,0,1,0.28107406109154015,0.7378966517865971,0.446994195677409,0.37470321304918414,2,0,0.3992980904072793,46,0.01123046875,0.007046568673104048,0.03862971067428589,0.031551480293273926,0.0688357949256897,0.05122893676161766,0.03515625,0.05964632332324982,0.030527781695127487,1.9538374559580238,0.6666666865348816,18.962963528103298,0.05964632332324982,0.030527781695127487,1.9538374559580238
no_change,5,1,0.28107406109154015,0.7378966517865971,0.446994195677409,0.37470321304918414,2,0,0.3992980904072793,0,0.0,0.0,0.0,1.885928213596344e-08,2.384185791015625e-07,1.3754917915775877e-07,0.0,,1.885928213596344e-08,,,,6.622738357719982e-09,1.9305147702652903e-08,0.3430555652682154
tiny_pixel_noise,5,1,0.28107406109154015,0.7378966517865971,0.446994195677409,0.37470321304918414,2,0,0.3992980904072793,1591,0.388427734375,0.002141735516488552,0.015042304992675781,0.06501752883195877,0.5029774904251099,0.27049165964126587,1.0,0.06501752883195877,,,1.0,1.0,0.009601401165127754,0.06703674793243408,0.1432259389253928
pixel_matched_noise,5,1,0.28107406109154015,0.7378966517865971,0.446994195677409,0.37470321304918414,2,0,0.3992980904072793,2028,0.4951171875,0.006282552145421505,0.03394162654876709,0.08937358111143112,0.4889451265335083,0.3351482152938843,1.0,0.08937358111143112,,,1.0,1.0,0.01999596692621708,0.0919015109539032,0.21758039360470188
sparse_pixel_matched_noise,5,1,0.28107406109154015,0.7378966517865971,0.446994195677409,0.37470321304918414,2,0,0.3992980904072793,46,0.01123046875,0.006291168741881847,0.07507926225662231,0.13948458433151245,0.6013821363449097,0.45751577615737915,0.16796875,0.18384920060634613,0.13052833080291748,1.4085003575502466,0.302325576543808,1.7998918045398802,0.036142222583293915,0.14325007796287537,0.2523015910166591
add_stroke,5,1,0.28107406109154015,0.7378966517865971,0.446994195677409,0.37470321304918414,2,0,0.3992980904072793,46,0.01123046875,0.006291168741881847,0.045971810817718506,0.05223636329174042,0.41241443157196045,0.21013538539409637,0.03515625,0.2585843503475189,0.044717613607645035,5.7826062145523505,0.5555555820465088,15.802469889322916,0.2585843503475189,0.044717613607645035,5.7826062145523505
shift_position,5,1,0.28107406109154015,0.7378966517865971,0.446994195677409,0.37470321304918414,2,0,0.3992980904072793,94,0.02294921875,0.014016544446349144,0.032382845878601074,0.04716392606496811,0.3906353712081909,0.23754380643367767,0.05859375,0.2176758497953415,0.03655115142464638,5.955375995311684,0.5333333611488342,9.102222696940105,0.21210023760795593,0.041154105216264725,5.15380510627967
change_width,5,1,0.28107406109154015,0.7378966517865971,0.446994195677409,0.37470321304918414,2,0,0.3992980904072793,110,0.02685546875,0.016672411933541298,0.032805442810058594,0.05152237415313721,0.5654627084732056,0.2957315742969513,0.05859375,0.37330353260040283,0.03149449825286865,11.852976021499272,0.8666666746139526,14.791111246744792,0.42720842361450195,0.03783341124653816,11.291829352384724
change_intensity,5,1,0.28107406109154015,0.7378966517865971,0.446994195677409,0.37470321304918414,2,0,0.3992980904072793,46,0.01123046875,0.007046568673104048,0.028299391269683838,0.028674304485321045,0.3384694457054138,0.12160293757915497,0.03515625,0.18882927298545837,0.022838696837425232,8.267953041700187,0.5555555820465088,15.802469889322916,0.18882927298545837,0.022838696837425232,8.267953041700187
no_change,15,1,0.28107406109154015,0.7378966517865971,0.446994195677409,0.37470321304918414,2,0,0.3992980904072793,0,0.0,0.0,0.0,1.6298145055770874e-08,2.384185791015625e-07,1.2150177042258292e-07,0.0,,1.6298145055770874e-08,,,,0.0,1.689200423982129e-08,0.0
tiny_pixel_noise,15,1,0.28107406109154015,0.7378966517865971,0.446994195677409,0.37470321304918414,2,0,0.3992980904072793,1638,0.39990234375,0.002237477106973529,0.011513471603393555,0.030700448900461197,0.24053019285202026,0.13841170072555542,1.0,0.030700448900461197,,,1.0,1.0,0.009791175834834576,0.031462326645851135,0.31120317149608245
pixel_matched_noise,15,1,0.28107406109154015,0.7378966517865971,0.446994195677409,0.37470321304918414,2,0,0.3992980904072793,2153,0.525634765625,0.006024050060659647,0.0215834379196167,0.040603142231702805,0.23867684602737427,0.14456939697265625,1.0,0.040603142231702805,,,1.0,1.0,0.02281426079571247,0.04125132039189339,0.5530552859635465
sparse_pixel_matched_noise,15,1,0.28107406109154015,0.7378966517865971,0.446994195677409,0.37470321304918414,2,0,0.3992980904072793,46,0.01123046875,0.006047028116881847,0.036839962005615234,0.08662749081850052,0.6073595285415649,0.40574681758880615,0.17578125,0.11439486593008041,0.08070553094148636,1.4174352686313372,0.2222222238779068,1.264197540283203,0.02689269557595253,0.08880405128002167,0.3028318549471696
add_stroke,15,1,0.28107406109154015,0.7378966517865971,0.446994195677409,0.37470321304918414,2,0,0.3992980904072793,46,0.01123046875,0.006047028116881847,0.008821189403533936,0.01781773380935192,0.433732271194458,0.09372838586568832,0.03515625,0.141240656375885,0.013320542871952057,10.603220734590595,0.5555555820465088,15.802469889322916,0.141240656375885,0.013320542871952057,10.603220734590595
shift_position,15,1,0.28107406109154015,0.7378966517865971,0.446994195677409,0.37470321304918414,2,0,0.3992980904072793,93,0.022705078125,0.012430109083652496,0.006465554237365723,0.01959332637488842,0.30998098850250244,0.11508249491453171,0.05859375,0.1358540803194046,0.012357177212834358,10.993941252076924,0.7333333492279053,12.515555826822917,0.15018776059150696,0.01483482401818037,10.12400015041964
change_width,15,1,0.28107406109154015,0.7378966517865971,0.446994195677409,0.37470321304918414,2,0,0.3992980904072793,106,0.02587890625,0.014994064345955849,0.013938426971435547,0.029528185725212097,0.32556837797164917,0.15473738312721252,0.05859375,0.1900312304496765,0.01953836902976036,9.726053907581827,0.800000011920929,13.653333536783855,0.2176900953054428,0.022672083228826523,9.601680317963007
change_intensity,15,1,0.28107406109154015,0.7378966517865971,0.446994195677409,0.37470321304918414,2,0,0.3992980904072793,46,0.01123046875,0.007046568673104048,0.013181030750274658,0.015688030049204826,0.2796560525894165,0.08037948608398438,0.03515625,0.15529261529445648,0.010601222515106201,14.648557284140809,0.7777777910232544,22.123457166883682,0.15529261529445648,0.010601222515106201,14.648557284140809
no_change,0,2,0.24920638476557558,0.8572935063047332,0.06852208150104555,0.3340385417590022,2,0,0.5535725565523844,0,0.0,0.0,0.0,1.83936208486557e-08,2.980232238769531e-07,1.4901161193847656e-07,0.0,,1.83936208486557e-08,,,,3.5762788286319847e-08,1.731255316883562e-08,2.0657142789716625
tiny_pixel_noise,0,2,0.24920638476557558,0.8572935063047332,0.06852208150104555,0.3340385417590022,2,0,0.5535725565523844,1373,0.335205078125,0.0018104702467098832,0.0897333025932312,0.21711668372154236,0.40572476387023926,0.36170098185539246,1.0,0.21711668372154236,,,1.0,1.0,0.27274397015571594,0.21365439891815186,1.2765661345461017
pixel_matched_noise,0,2,0.24920638476557558,0.8572935063047332,0.06852208150104555,0.3340385417590022,2,0,0.5535725565523844,1975,0.482177734375,0.016600605100393295,0.3248586654663086,0.392090380191803,0.6402134895324707,0.5807685256004333,1.0,0.392090380191803,,,1.0,1.0,0.4541008770465851,0.3882308006286621,1.16966731210213
sparse_pixel_matched_noise,0,2,0.24920638476557558,0.8572935063047332,0.06852208150104555,0.3340385417590022,2,0,0.5535725565523844,68,0.0166015625,0.0166015625,0.5654006004333496,0.4841163158416748,0.7901166081428528,0.7149582505226135,0.23828125,0.5056130290031433,0.47739169001579285,1.0591156896476703,0.39344263076782227,1.6511690733862705,0.4261804521083832,0.4877222776412964,0.8738178911356287
add_stroke,0,2,0.24920638476557558,0.8572935063047332,0.06852208150104555,0.3340385417590022,2,0,0.5535725565523844,68,0.0166015625,0.0166015625,0.5240094661712646,0.40478619933128357,0.8049569129943848,0.7517753839492798,0.05859375,0.7381561994552612,0.384037047624588,1.9220963290417732,0.5333333611488342,9.102222696940105,0.7381561994552612,0.384037047624588,1.9220963290417732
shift_position,0,2,0.24920638476557558,0.8572935063047332,0.06852208150104555,0.3340385417590022,2,0,0.5535725565523844,136,0.033203125,0.033203125,0.11732971668243408,0.12557092308998108,0.4923354983329773,0.3598794937133789,0.11328125,0.2634088695049286,0.10796166956424713,2.439836939981519,0.48275861144065857,4.26159325961409,0.21294786036014557,0.12013252824544907,1.7726078312866322
change_width,0,2,0.24920638476557558,0.8572935063047332,0.06852208150104555,0.3340385417590022,2,0,0.5535725565523844,158,0.03857421875,0.03857421875,0.3204365372657776,0.2143574357032776,0.5371809601783752,0.47120916843414307,0.0859375,0.46176958084106445,0.1910964697599411,2.416421305014938,0.7272727489471436,8.462810169566762,0.481867253780365,0.1977074295282364,2.4372743853388936
change_intensity,0,2,0.24920638476557558,0.8572935063047332,0.06852208150104555,0.3340385417590022,2,0,0.5535725565523844,68,0.0166015625,0.010416666977107525,0.039463162422180176,0.023865681141614914,0.07458168268203735,0.04718907177448273,0.05859375,0.04297955334186554,0.022676020860671997,1.8953745723707123,0.46666666865348816,7.964444478352864,0.04297955334186554,0.022676020860671997,1.8953745723707123
no_change,5,2,0.24920638476557558,0.8572935063047332,0.06852208150104555,0.3340385417590022,2,0,0.5535725565523844,0,0.0,0.0,0.0,1.7462298274040222e-08,2.384185791015625e-07,1.352566982859571e-07,0.0,,1.7462298274040222e-08,,,,0.0,1.8549163982584105e-08,0.0
tiny_pixel_noise,5,2,0.24920638476557558,0.8572935063047332,0.06852208150104555,0.3340385417590022,2,0,0.5535725565523844,1487,0.363037109375,0.0020124847069382668,0.030723214149475098,0.08800175786018372,0.4505295753479004,0.3298063576221466,1.0,0.08800175786018372,,,1.0,1.0,0.1669742614030838,0.08308644592761993,2.009645009350166
pixel_matched_noise,5,2,0.24920638476557558,0.8572935063047332,0.06852208150104555,0.3340385417590022,2,0,0.5535725565523844,2046,0.49951171875,0.016596775501966476,0.07801514863967896,0.15804675221443176,0.7324957847595215,0.4943735897541046,1.0,0.15804675221443176,,,1.0,1.0,0.26781952381134033,0.15121443569660187,1.771124050277158
sparse_pixel_matched_noise,5,2,0.24920638476557558,0.8572935063047332,0.06852208150104555,0.3340385417590022,2,0,0.5535725565523844,68,0.0166015625,0.0166015625,0.05118966102600098,0.1328762173652649,0.5353083610534668,0.4150274395942688,0.23828125,0.1774056851863861,0.11894648522138596,1.4914747994124797,0.4098360538482666,1.7199677013960042,0.18292999267578125,0.12976084649562836,1.409747220491076
add_stroke,5,2,0.24920638476557558,0.8572935063047332,0.06852208150104555,0.3340385417590022,2,0,0.5535725565523844,68,0.0166015625,0.0166015625,0.03495907783508301,0.09201079607009888,0.661375880241394,0.49568822979927063,0.05859375,0.46204841136932373,0.068979412317276,6.6983523901899495,0.6000000238418579,10.240000406901041,0.46204841136932373,0.068979412317276,6.6983523901899495
shift_position,5,2,0.24920638476557558,0.8572935063047332,0.06852208150104555,0.3340385417590022,2,0,0.5535725565523844,136,0.033203125,0.03256261348724365,0.020714521408081055,0.08262601494789124,0.6838464736938477,0.4548647999763489,0.11328125,0.2824974060058594,0.05709177628159523,4.948127811131505,0.4137931168079376,3.6527944104424837,0.24871592223644257,0.07228846848011017,3.4406030099375475
change_width,5,2,0.24920638476557558,0.8572935063047332,0.06852208150104555,0.3340385417590022,2,0,0.5535725565523844,158,0.03857421875,0.0381472110748291,0.04361891746520996,0.07082413136959076,0.4899137020111084,0.3507329821586609,0.0859375,0.31958720088005066,0.047436151653528214,6.737207588303178,0.6818181872367859,7.933884360573509,0.3481740355491638,0.05356169864535332,6.500429305921
change_intensity,5,2,0.24920638476557558,0.8572935063047332,0.06852208150104555,0.3340385417590022,2,0,0.5535725565523844,68,0.0166015625,0.010416666977107525,0.01413428783416748,0.020075179636478424,0.0985562801361084,0.07199496775865555,0.05859375,0.06930550187826157,0.017011050134897232,4.074146000903562,0.5333333611488342,9.102222696940105,0.06930550187826157,0.017011050134897232,4.074146000903562
no_change,15,2,0.24920638476557558,0.8572935063047332,0.06852208150104555,0.3340385417590022,2,0,0.5535725565523844,0,0.0,0.0,0.0,2.0954757928848267e-08,2.384185791015625e-07,1.4213415511221683e-07,0.0,,2.0954757928848267e-08,,,,1.5894572769070692e-08,2.126970777283077e-08,0.7472868428109717
tiny_pixel_noise,15,2,0.24920638476557558,0.8572935063047332,0.06852208150104555,0.3340385417590022,2,0,0.5535725565523844,1638,0.39990234375,0.0022173712495714426,0.009519219398498535,0.027464039623737335,0.4008452296257019,0.13978895545005798,1.0,0.027464039623737335,,,1.0,1.0,0.028804870322346687,0.027380583807826042,1.0520181207426829
pixel_matched_noise,15,2,0.24920638476557558,0.8572935063047332,0.06852208150104555,0.3340385417590022,2,0,0.5535725565523844,2203,0.537841796875,0.01544500607997179,0.029273271560668945,0.06071293726563454,0.5229184031486511,0.26263266801834106,1.0,0.06071293726563454,,,1.0,1.0,0.08792102336883545,0.05901949107646942,1.4896947053460585
sparse_pixel_matched_noise,15,2,0.24920638476557558,0.8572935063047332,0.06852208150104555,0.3340385417590022,2,0,0.5535725565523844,64,0.015625,0.015442133881151676,0.03477448225021362,0.08267764747142792,0.48565173149108887,0.3091275095939636,0.2421875,0.1124238669872284,0.07317111641168594,1.5364514374045208,0.4032258093357086,1.6649323740313131,0.08985844999551773,0.08223070949316025,1.0927602418776643
add_stroke,15,2,0.24920638476557558,0.8572935063047332,0.06852208150104555,0.3340385417590022,2,0,0.5535725565523844,64,0.015625,0.015442133881151676,0.02689051628112793,0.057889632880687714,0.6831271648406982,0.3415486216545105,0.05859375,0.30672770738601685,0.04240178316831589,7.233839816793711,0.5333333611488342,9.102222696940105,0.30672770738601685,0.04240178316831589,7.233839816793711
shift_position,15,2,0.24920638476557558,0.8572935063047332,0.06852208150104555,0.3340385417590022,2,0,0.5535725565523844,126,0.03076171875,0.02984834648668766,0.015178084373474121,0.05497493967413902,0.6475329399108887,0.35685694217681885,0.11328125,0.23384803533554077,0.03212330862879753,7.279699548940715,0.6206896305084229,5.479191221039871,0.2565228343009949,0.04243046045303345,6.045723557135131
change_width,15,2,0.24920638476557558,0.8572935063047332,0.06852208150104555,0.3340385417590022,2,0,0.5535725565523844,151,0.036865234375,0.035706762224435806,0.026741743087768555,0.051140196621418,0.5371608734130859,0.31170856952667236,0.0859375,0.26626521348953247,0.03091476485133171,8.61288173369569,0.6363636255264282,7.404958551580256,0.3025803864002228,0.03549038991332054,8.525699129798962
change_intensity,15,2,0.24920638476557558,0.8572935063047332,0.06852208150104555,0.3340385417590022,2,0,0.5535725565523844,68,0.0166015625,0.010416666977107525,0.015375375747680664,0.02104034647345543,0.17094236612319946,0.09588956832885742,0.05859375,0.08691577613353729,0.016940215602517128,5.130736123607694,0.46666666865348816,7.964444478352864,0.08691577613353729,0.016940215602517128,5.130736123607694
no_change,0,3,0.6548913296512844,0.934082053570866,0.9152944510606772,0.6813597566556481,2,0,0.3628751093666505,0,0.0,0.0,0.0,1.83936208486557e-08,2.980232238769531e-07,1.4901161193847656e-07,0.0,,1.83936208486557e-08,,,,0.0,1.9141328522209733e-08,0.0
tiny_pixel_noise,0,3,0.6548913296512844,0.934082053570866,0.9152944510606772,0.6813597566556481,2,0,0.3628751093666505,1388,0.3388671875,0.001854511327110231,0.08865290880203247,0.2084970772266388,0.4610360860824585,0.37965407967567444,0.99609375,0.20881786942481995,0.12669360637664795,1.6482115822326853,0.9960784316062927,0.9999846215341606,0.1885540932416916,0.20930777490139008,0.9008461024943959
pixel_matched_noise,0,3,0.6548913296512844,0.934082053570866,0.9152944510606772,0.6813597566556481,2,0,0.3628751093666505,1935,0.472412109375,0.012200329452753067,0.2267780303955078,0.35149094462394714,0.5967868566513062,0.5534526705741882,1.0,0.35149094462394714,,,1.0,1.0,0.3700920641422272,0.35073480010032654,1.055190599952909
sparse_pixel_matched_noise,0,3,0.6548913296512844,0.934082053570866,0.9152944510606772,0.6813597566556481,2,0,0.3628751093666505,50,0.01220703125,0.01220703125,0.516625165939331,0.4486900568008423,0.8184549808502197,0.721237301826477,0.1640625,0.5543056726455688,0.4279617667198181,1.2952224141285655,0.3095238208770752,1.8866213843936013,0.48796898126602173,0.4470933675765991,1.0914252293899651
add_stroke,0,3,0.6548913296512844,0.934082053570866,0.9152944510606772,0.6813597566556481,2,0,0.3628751093666505,50,0.01220703125,0.01220703125,0.3714408278465271,0.3512333631515503,0.7966123819351196,0.6986637115478516,0.0390625,0.7260235548019409,0.33599796891212463,2.160797451105491,0.5,12.8,0.7260235548019409,0.33599796891212463,2.160797451105491
shift_position,0,3,0.6548913296512844,0.934082053570866,0.9152944510606772,0.6813597566556481,2,0,0.3628751093666505,44,0.0107421875,0.0107421875,0.1154400110244751,0.10541483014822006,0.4537699818611145,0.25912946462631226,0.0390625,0.2664673924446106,0.0988679751753807,2.695184077269989,0.6000000238418579,15.360000610351562,0.25698569416999817,0.09925341606140137,2.589187398960843
change_width,0,3,0.6548913296512844,0.934082053570866,0.9152944510606772,0.6813597566556481,2,0,0.3628751093666505,66,0.01611328125,0.01611328125,0.2692742347717285,0.18927213549613953,0.4609301686286926,0.36694571375846863,0.046875,0.36740896105766296,0.18051132559776306,2.0353789981929866,0.5833333134651184,12.444444020589193,0.3882967531681061,0.18118169903755188,2.1431345176182908
change_intensity,0,3,0.6548913296512844,0.934082053570866,0.9152944510606772,0.6813597566556481,2,0,0.3628751093666505,50,0.01220703125,0.0076593137346208096,0.04631549119949341,0.030043520033359528,0.072212815284729,0.05178551375865936,0.0390625,0.05437150597572327,0.02905457653105259,1.871357715973343,0.5,12.8,0.05437150597572327,0.02905457653105259,1.871357715973343
no_change,5,3,0.6548913296512844,0.934082053570866,0.9152944510606772,0.6813597566556481,2,0,0.3628751093666505,0,0.0,0.0,0.0,1.4901161193847656e-08,2.980232238769531e-07,1.3067172233149904e-07,0.0,,1.4901161193847656e-08,,,,1.7881394143159923e-08,1.4780013657400559e-08,1.2098361041910444
tiny_pixel_noise,5,3,0.6548913296512844,0.934082053570866,0.9152944510606772,0.6813597566556481,2,0,0.3628751093666505,1481,0.361572265625,0.00200578267686069,0.015857696533203125,0.07910047471523285,0.5229756832122803,0.3162264823913574,1.0,0.07910047471523285,,,1.0,1.0,0.095430888235569,0.07843662798404694,1.2166623003602155
pixel_matched_noise,5,3,0.6548913296512844,0.934082053570866,0.9152944510606772,0.6813597566556481,2,0,0.3628751093666505,2005,0.489501953125,0.012014591135084629,0.03986912965774536,0.14007051289081573,0.5671836137771606,0.4566144645214081,1.0,0.14007051289081573,,,1.0,1.0,0.13337409496307373,0.14034272730350494,0.9503456112452421
sparse_pixel_matched_noise,5,3,0.6548913296512844,0.934082053570866,0.9152944510606772,0.6813597566556481,2,0,0.3628751093666505,50,0.01220703125,0.012024165131151676,0.11210453510284424,0.164854496717453,0.5952819585800171,0.46359121799468994,0.17578125,0.21156826615333557,0.15489184856414795,1.3659096209037447,0.31111112236976624,1.7698766072591146,0.14879481494426727,0.16550734639167786,0.8990224191749174
add_stroke,5,3,0.6548913296512844,0.934082053570866,0.9152944510606772,0.6813597566556481,2,0,0.3628751093666505,50,0.01220703125,0.012024165131151676,0.022473156452178955,0.05968590825796127,0.6550724506378174,0.36088597774505615,0.0390625,0.36046168208122253,0.047459255903959274,7.595181913738162,0.4000000059604645,10.240000152587891,0.36046168208122253,0.047459255903959274,7.595181913738162
shift_position,5,3,0.6548913296512844,0.934082053570866,0.9152944510606772,0.6813597566556481,2,0,0.3628751093666505,44,0.0107421875,0.010559321381151676,0.010263025760650635,0.02834608033299446,0.34325408935546875,0.14592625200748444,0.0390625,0.14779505133628845,0.023490432649850845,6.291712610803143,0.5,12.8,0.12104670703411102,0.024577761068940163,4.9250501986156205
change_width,5,3,0.6548913296512844,0.934082053570866,0.9152944510606772,0.6813597566556481,2,0,0.3628751093666505,66,0.01611328125,0.01593041606247425,0.017792940139770508,0.03664308413863182,0.3198840618133545,0.19473162293434143,0.046875,0.17148542404174805,0.03001149371266365,5.713991635457586,0.4166666567325592,8.888888676961264,0.20025913417339325,0.02999202534556389,6.677079385804584
change_intensity,5,3,0.6548913296512844,0.934082053570866,0.9152944510606772,0.6813597566556481,2,0,0.3628751093666505,50,0.01220703125,0.0076593137346208096,0.01613450050354004,0.019578998908400536,0.1579991579055786,0.08267830312252045,0.0390625,0.08478215336799622,0.01692846603691578,5.008259648754495,0.4000000059604645,10.240000152587891,0.08478215336799622,0.01692846603691578,5.008259648754495
no_change,15,3,0.6548913296512844,0.934082053570866,0.9152944510606772,0.6813597566556481,2,0,0.3628751093666505,0,0.0,0.0,0.0,1.5133991837501526e-08,2.384185791015625e-07,1.1691680157355222e-07,0.0,,1.5133991837501526e-08,,,,1.1920929132713809e-08,1.5264603803188947e-08,0.7809524103221986
tiny_pixel_noise,15,3,0.6548913296512844,0.934082053570866,0.9152944510606772,0.6813597566556481,2,0,0.3628751093666505,1791,0.437255859375,0.002448108047246933,0.010602831840515137,0.02281414344906807,0.2195306420326233,0.1001816838979721,1.0,0.02281414344906807,,,1.0,1.0,0.01267124991863966,0.023226454854011536,0.5455524744643135
pixel_matched_noise,15,3,0.6548913296512844,0.934082053570866,0.9152944510606772,0.6813597566556481,2,0,0.3628751093666505,2305,0.562744140625,0.008237591944634914,0.009661614894866943,0.022968512028455734,0.20310652256011963,0.09321291744709015,1.0,0.022968512028455734,,,1.0,1.0,0.013623970560729504,0.02334837056696415,0.5835084089339494
sparse_pixel_matched_noise,15,3,0.6548913296512844,0.934082053570866,0.9152944510606772,0.6813597566556481,2,0,0.3628751093666505,50,0.01220703125,0.008249080739915371,0.028902888298034668,0.0571172796189785,0.33149099349975586,0.20079408586025238,0.18359375,0.08044412732124329,0.05187153071165085,1.5508338816609235,0.3191489279270172,1.7383430967939661,0.034992922097444534,0.05801664665341377,0.6031531313157257
add_stroke,15,3,0.6548913296512844,0.934082053570866,0.9152944510606772,0.6813597566556481,2,0,0.3628751093666505,50,0.01220703125,0.008249080739915371,0.007928609848022461,0.023762283846735954,0.5633540153503418,0.1477677971124649,0.0390625,0.11743955314159393,0.019954266026616096,5.885435875463753,0.4000000059604645,10.240000152587891,0.11743955314159393,0.019954266026616096,5.885435875463753
shift_position,15,3,0.6548913296512844,0.934082053570866,0.9152944510606772,0.6813597566556481,2,0,0.3628751093666505,44,0.0107421875,0.00790824182331562,0.005636930465698242,0.014083471149206161,0.3479499816894531,0.08729363977909088,0.0390625,0.09261815249919891,0.010891005396842957,8.50409573078044,0.30000001192092896,7.680000305175781,0.05452853441238403,0.01243936363607645,4.383546940796973
change_width,15,3,0.6548913296512844,0.934082053570866,0.9152944510606772,0.6813597566556481,2,0,0.3628751093666505,66,0.01611328125,0.010785271413624287,0.008177042007446289,0.024051811546087265,0.4038369655609131,0.15472890436649323,0.046875,0.14364874362945557,0.01816999353468418,7.905822495492284,0.4166666567325592,8.888888676961264,0.1677754819393158,0.018209384754300117,9.213682076748688
change_intensity,15,3,0.6548913296512844,0.934082053570866,0.9152944510606772,0.6813597566556481,2,0,0.3628751093666505,50,0.01220703125,0.0076593137346208096,0.011214017868041992,0.017961377277970314,0.25161510705947876,0.09181629866361618,0.0390625,0.0900435820221901,0.015031207352876663,5.990442411464546,0.5,12.8,0.0900435820221901,0.015031207352876663,5.990442411464546
no_change,0,4,0.8152138386643839,0.7574345685954554,0.4339655211221745,0.9218878147927156,2,0,0.41520494916797657,0,0.0,0.0,0.0,1.83936208486557e-08,2.980232238769531e-07,1.4901161193847656e-07,0.0,,1.83936208486557e-08,,,,2.9802322387695312e-08,1.7929853157738762e-08,1.6621621005765033
tiny_pixel_noise,0,4,0.8152138386643839,0.7574345685954554,0.4339655211221745,0.9218878147927156,2,0,0.41520494916797657,1373,0.335205078125,0.0018391927005723119,0.10184144973754883,0.2167498916387558,0.5383780002593994,0.38133054971694946,0.99609375,0.21683424711227417,0.19524306058883667,1.110586191684971,0.9960784316062927,0.9999846215341606,0.2988413870334625,0.21341285109519958,1.400297055682719
pixel_matched_noise,0,4,0.8152138386643839,0.7574345685954554,0.4339655211221745,0.9218878147927156,2,0,0.41520494916797657,1906,0.46533203125,0.008815869688987732,0.1592993140220642,0.2980438470840454,0.5440168380737305,0.5049089789390564,1.0,0.2980438470840454,,,1.0,1.0,0.3535052239894867,0.29578933119773865,1.1951249984508883
sparse_pixel_matched_noise,0,4,0.8152138386643839,0.7574345685954554,0.4339655211221745,0.9218878147927156,2,0,0.41520494916797657,36,0.0087890625,0.0087890625,0.5642567873001099,0.40897560119628906,0.7878296971321106,0.7178879976272583,0.13671875,0.503815233707428,0.393955796957016,1.2788623434379838,0.2857142984867096,2.0897960117885046,0.46561145782470703,0.4066733419895172,1.1449274140932235
add_stroke,0,4,0.8152138386643839,0.7574345685954554,0.4339655211221745,0.9218878147927156,2,0,0.41520494916797657,36,0.0087890625,0.0087890625,0.29757165908813477,0.2842555046081543,0.800272524356842,0.6910637617111206,0.0390625,0.7294160723686218,0.2661595642566681,2.740521740805141,0.4000000059604645,10.240000152587891,0.7294160723686218,0.2661595642566681,2.740521740805141
shift_position,0,4,0.8152138386643839,0.7574345685954554,0.4339655211221745,0.9218878147927156,2,0,0.41520494916797657,72,0.017578125,0.017578125,0.011809587478637695,0.040497228503227234,0.41237056255340576,0.1815238744020462,0.05859375,0.12286364287137985,0.03537068888545036,3.4736005077333814,0.3333333432674408,5.6888890584309895,0.09725998342037201,0.03818979859352112,2.5467529812234235
change_width,0,4,0.8152138386643839,0.7574345685954554,0.4339655211221745,0.9218878147927156,2,0,0.41520494916797657,104,0.025390625,0.025390625,0.18385672569274902,0.1467043161392212,0.4257914423942566,0.35813555121421814,0.0625,0.3614290654659271,0.1323893517255783,2.730046342511829,0.6875,11.0,0.35251736640930176,0.13833793997764587,2.548233452560196
change_intensity,0,4,0.8152138386643839,0.7574345685954554,0.4339655211221745,0.9218878147927156,2,0,0.41520494916797657,36,0.0087890625,0.005514706019312143,0.03068363666534424,0.025902051478624344,0.06154590845108032,0.048483435064554214,0.0390625,0.0499851293861866,0.024923065677285194,2.005577084031957,0.5,12.8,0.0499851293861866,0.024923065677285194,2.005577084031957
no_change,5,4,0.8152138386643839,0.7574345685954554,0.4339655211221745,0.9218878147927156,2,0,0.41520494916797657,0,0.0,0.0,5.960464477539063e-08,1.6996636986732483e-08,2.384185791015625e-07,1.329642032033007e-07,0.0,,1.6996636986732483e-08,,,,1.4901161193847656e-08,1.706423269354218e-08,0.8732394512814443
tiny_pixel_noise,5,4,0.8152138386643839,0.7574345685954554,0.4339655211221745,0.9218878147927156,2,0,0.41520494916797657,1454,0.35498046875,0.0019828048534691334,0.02917689085006714,0.08051630854606628,0.4556792378425598,0.2964284420013428,1.0,0.08051630854606628,,,1.0,1.0,0.07933768630027771,0.08055431395769119,0.9848968031922849
pixel_matched_noise,5,4,0.8152138386643839,0.7574345685954554,0.4339655211221745,0.9218878147927156,2,0,0.41520494916797657,1989,0.485595703125,0.0075453813187778,0.04988360404968262,0.10957566648721695,0.549583375453949,0.37878701090812683,1.0,0.10957566648721695,,,1.0,1.0,0.08761852234601974,0.11028396338224411,0.7944810801034964
sparse_pixel_matched_noise,5,4,0.8152138386643839,0.7574345685954554,0.4339655211221745,0.9218878147927156,2,0,0.41520494916797657,31,0.007568359375,0.007568359375,0.1099008321762085,0.1430663764476776,0.6282020211219788,0.4810980260372162,0.1015625,0.274221807718277,0.12824012339115143,2.1383464119249145,0.3461538553237915,3.4082841139573317,0.14119240641593933,0.14312683045864105,0.9864845463530284
add_stroke,5,4,0.8152138386643839,0.7574345685954554,0.4339655211221745,0.9218878147927156,2,0,0.41520494916797657,31,0.007568359375,0.007568359375,0.05269896984100342,0.06997498869895935,0.683732807636261,0.3748745620250702,0.03125,0.44398215413093567,0.0579102449119091,7.666729001169045,0.375,12.0,0.44398215413093567,0.0579102449119091,7.666729001169045
shift_position,5,4,0.8152138386643839,0.7574345685954554,0.4339655211221745,0.9218878147927156,2,0,0.41520494916797657,62,0.01513671875,0.014832261018455029,0.01608651876449585,0.04069606214761734,0.6571969985961914,0.2181016504764557,0.05078125,0.15790018439292908,0.03442588448524475,4.586670371842052,0.38461539149284363,7.573964632474459,0.15770819783210754,0.03692147880792618,4.271448569342008
change_width,5,4,0.8152138386643839,0.7574345685954554,0.4339655211221745,0.9218878147927156,2,0,0.41520494916797657,87,0.021240234375,0.021240234375,0.04609018564224243,0.0608365461230278,0.4899044632911682,0.34015610814094543,0.0546875,0.3632233738899231,0.043343089520931244,8.380191119382832,0.6428571343421936,11.755101885114398,0.36259350180625916,0.051102448254823685,7.095423295537177
change_intensity,5,4,0.8152138386643839,0.7574345685954554,0.4339655211221745,0.9218878147927156,2,0,0.41520494916797657,36,0.0087890625,0.005514706019312143,0.031864702701568604,0.03391295671463013,0.4005727767944336,0.1498529314994812,0.0390625,0.18787646293640137,0.02765427529811859,6.793758321671992,0.5,12.8,0.17950591444969177,0.029216408729553223,6.14401024134484
no_change,15,4,0.8152138386643839,0.7574345685954554,0.4339655211221745,0.9218878147927156,2,0,0.41520494916797657,0,0.0,0.0,1.1920928955078125e-07,1.6996636986732483e-08,2.384185791015625e-07,1.1691680157355222e-07,0.0,,1.6996636986732483e-08,,,,1.4901161193847656e-08,1.706423269354218e-08,0.8732394512814443
tiny_pixel_noise,15,4,0.8152138386643839,0.7574345685954554,0.4339655211221745,0.9218878147927156,2,0,0.41520494916797657,1673,0.408447265625,0.0022738587576895952,0.01741194725036621,0.033375807106494904,0.3862155079841614,0.1571456640958786,1.0,0.033375807106494904,,,1.0,1.0,0.02831953763961792,0.03353891521692276,0.8443784617496723
pixel_matched_noise,15,4,0.8152138386643839,0.7574345685954554,0.4339655211221745,0.9218878147927156,2,0,0.41520494916797657,2081,0.508056640625,0.006574563216418028,0.01979386806488037,0.04075288400053978,0.37873780727386475,0.20402632653713226,1.0,0.04075288400053978,,,1.0,1.0,0.046316228806972504,0.040573421865701675,1.1415411044274146
sparse_pixel_matched_noise,15,4,0.8152138386643839,0.7574345685954554,0.4339655211221745,0.9218878147927156,2,0,0.41520494916797657,28,0.0068359375,0.006592754274606705,0.029826998710632324,0.05732652544975281,0.4747675657272339,0.3000665009021759,0.109375,0.09890786558389664,0.052220042794942856,1.89405945093318,0.2142857164144516,1.959183692932129,0.04950888454914093,0.05757870897650719,0.8598470759276864
add_stroke,15,4,0.8152138386643839,0.7574345685954554,0.4339655211221745,0.9218878147927156,2,0,0.41520494916797657,28,0.0068359375,0.006592754274606705,0.02216029167175293,0.0363643653690815,0.6290937662124634,0.23992229998111725,0.03125,0.2750362455844879,0.028665270656347275,9.594754882371479,0.375,12.0,0.2750362455844879,0.028665270656347275,9.594754882371479
shift_position,15,4,0.8152138386643839,0.7574345685954554,0.4339655211221745,0.9218878147927156,2,0,0.41520494916797657,57,0.013916015625,0.013063916936516762,0.013326406478881836,0.032893866300582886,0.6121270656585693,0.19677451252937317,0.05078125,0.1749654859304428,0.02529332973062992,6.9174556214542875,0.4615384638309479,9.088757441594051,0.19208505749702454,0.02775866910815239,6.919822299427585
change_width,15,4,0.8152138386643839,0.7574345685954554,0.4339655211221745,0.9218878147927156,2,0,0.41520494916797657,83,0.020263671875,0.019716031849384308,0.050797879695892334,0.0568365752696991,0.6019273996353149,0.34125950932502747,0.0546875,0.3414950370788574,0.04036873206496239,8.459394675297577,0.6428571343421936,11.755101885114398,0.3502679467201233,0.047371044754981995,7.3941359860611
change_intensity,15,4,0.8152138386643839,0.7574345685954554,0.4339655211221745,0.9218878147927156,2,0,0.41520494916797657,36,0.0087890625,0.005514706019312143,0.030302584171295166,0.02985486574470997,0.4301456809043884,0.15149053931236267,0.0390625,0.16976125538349152,0.024167615920305252,7.024327759233412,0.4000000059604645,10.240000152587891,0.1524852216243744,0.025899047031998634,5.887676926335427
no_change,0,5,0.15110399807791827,0.6486749554096173,0.4875445833811218,0.26175495941840765,2,0,0.5127371165977745,0,0.0,0.0,0.0,1.83936208486557e-08,2.980232238769531e-07,1.4901161193847656e-07,0.0,,1.83936208486557e-08,,,,1.7029899268550253e-08,1.8472514184963984e-08,0.9219047877311702
tiny_pixel_noise,0,5,0.15110399807791827,0.6486749554096173,0.4875445833811218,0.26175495941840765,2,0,0.5127371165977745,1402,0.34228515625,0.0018468520138412714,0.0884515643119812,0.21601194143295288,0.4452066421508789,0.37628257274627686,1.0,0.21601194143295288,,,1.0,1.0,0.25509780645370483,0.21375077962875366,1.1934356772722114
pixel_matched_noise,0,5,0.15110399807791827,0.6486749554096173,0.4875445833811218,0.26175495941840765,2,0,0.5127371165977745,1977,0.482666015625,0.017819393426179886,0.316478431224823,0.4052320420742035,0.659197211265564,0.6077960729598999,1.0,0.4052320420742035,,,1.0,1.0,0.4723976254463196,0.40134644508361816,1.1770320411032875
sparse_pixel_matched_noise,0,5,0.15110399807791827,0.6486749554096173,0.4875445833811218,0.26175495941840765,2,0,0.5127371165977745,73,0.017822265625,0.017822265625,0.5537081956863403,0.4919266104698181,0.7749049067497253,0.706017792224884,0.25,0.5316402912139893,0.47868868708610535,1.1106180395659928,0.34375,1.375,0.5276352763175964,0.48986077308654785,1.0771127334671777
add_stroke,0,5,0.15110399807791827,0.6486749554096173,0.4875445833811218,0.26175495941840765,2,0,0.5127371165977745,73,0.017822265625,0.017822265625,0.3182094693183899,0.379855751991272,0.7739034295082092,0.7259560227394104,0.0546875,0.7305063605308533,0.3595702052116394,2.0316098217895573,0.6428571343421936,11.755101885114398,0.7305063605308533,0.3595702052116394,2.0316098217895573
shift_position,0,5,0.15110399807791827,0.6486749554096173,0.4875445833811218,0.26175495941840765,2,0,0.5127371165977745,111,0.027099609375,0.027099609375,0.043036699295043945,0.057625118643045425,0.3572516441345215,0.2024180293083191,0.078125,0.14544348418712616,0.05018288269639015,2.898268819411374,0.4000000059604645,5.1200000762939455,0.13648080825805664,0.053063225001096725,2.5720413385209024
change_width,0,5,0.15110399807791827,0.6486749554096173,0.4875445833811218,0.26175495941840765,2,0,0.5127371165977745,144,0.03515625,0.03515625,0.13958656787872314,0.11353611946105957,0.37126386165618896,0.2750997841358185,0.08203125,0.2757111191749573,0.09904389083385468,2.783726657482191,0.761904776096344,9.287982032412575,0.2999909222126007,0.10274948924779892,2.9196341938899426
change_intensity,0,5,0.15110399807791827,0.6486749554096173,0.4875445833811218,0.26175495941840765,2,0,0.5127371165977745,73,0.017822265625,0.01118259783834219,0.03894448280334473,0.03169343248009682,0.07457536458969116,0.05868860334157944,0.0546875,0.0603172592818737,0.03003750741481781,2.008064732166111,0.5714285969734192,10.448980058942523,0.0603172592818737,0.03003750741481781,2.008064732166111
no_change,5,5,0.15110399807791827,0.6486749554096173,0.4875445833811218,0.26175495941840765,2,0,0.5127371165977745,0,0.0,0.0,1.1920928955078125e-07,2.2584572434425354e-08,2.384185791015625e-07,1.444266359840185e-07,0.0,,2.2584572434425354e-08,,,,1.277242400732348e-08,2.315221792059674e-08,0.5516717254099807
tiny_pixel_noise,5,5,0.15110399807791827,0.6486749554096173,0.4875445833811218,0.26175495941840765,2,0,0.5127371165977745,1463,0.357177734375,0.0020172717049717903,0.027735888957977295,0.08402283489704132,0.5065212249755859,0.305708646774292,0.98828125,0.08320312201976776,0.15315067768096924,0.5432762249546789,0.9881423115730286,0.9998594140817997,0.05010351538658142,0.08598510175943375,0.5826999603577765
pixel_matched_noise,5,5,0.15110399807791827,0.6486749554096173,0.4875445833811218,0.26175495941840765,2,0,0.5127371165977745,2099,0.512451171875,0.014462699182331562,0.06297653913497925,0.15455910563468933,0.5416439175605774,0.48862215876579285,1.0,0.15455910563468933,,,1.0,1.0,0.07133226841688156,0.1593739092350006,0.447578080749092
sparse_pixel_matched_noise,5,5,0.15110399807791827,0.6486749554096173,0.4875445833811218,0.26175495941840765,2,0,0.5127371165977745,67,0.016357421875,0.01446844357997179,0.08552587032318115,0.1534988284111023,0.5239629745483398,0.4261331856250763,0.234375,0.19812975823879242,0.13983631134033203,1.4168691689570276,0.38333332538604736,1.6355555216471354,0.1053740456700325,0.1562829315662384,0.6742517856172358
add_stroke,5,5,0.15110399807791827,0.6486749554096173,0.4875445833811218,0.26175495941840765,2,0,0.5127371165977745,67,0.016357421875,0.01446844357997179,0.05040085315704346,0.07782860845327377,0.6015052795410156,0.3133324086666107,0.0546875,0.25809773802757263,0.06739981472492218,3.829353820643913,0.3571428656578064,6.530612400599888,0.25809773802757263,0.06739981472492218,3.829353820643913
shift_position,5,5,0.15110399807791827,0.6486749554096173,0.4875445833811218,0.26175495941840765,2,0,0.5127371165977745,105,0.025634765625,0.022405408322811127,0.03348594903945923,0.046387914568185806,0.5016661286354065,0.23160837590694427,0.078125,0.11962465941905975,0.04018140956759453,2.9771145588564556,0.25,3.2,0.12878327071666718,0.04162124544382095,3.0941714824582744
change_width,5,5,0.15110399807791827,0.6486749554096173,0.4875445833811218,0.26175495941840765,2,0,0.5127371165977745,135,0.032958984375,0.02960803546011448,0.040750086307525635,0.0615786574780941,0.4296259880065918,0.25996991991996765,0.08203125,0.23323608934879303,0.04623906686902046,5.0441348656423255,0.5714285969734192,6.965986705961681,0.26624149084091187,0.04973866418004036,5.352807423158581
change_intensity,5,5,0.15110399807791827,0.6486749554096173,0.4875445833811218,0.26175495941840765,2,0,0.5127371165977745,73,0.017822265625,0.01118259783834219,0.0453261137008667,0.04147038236260414,0.19090479612350464,0.10413087904453278,0.0546875,0.1053367331624031,0.037775639444589615,2.7884831259286567,0.5714285969734192,10.448980058942523,0.1053367331624031,0.037775639444589615,2.7884831259286567
no_change,15,5,0.15110399807791827,0.6486749554096173,0.4875445833811218,0.26175495941840765,2,0,0.5127371165977745,0,0.0,0.0,5.960464477539063e-08,2.0954757928848267e-08,2.384185791015625e-07,1.5359658789293462e-07,0.0,,2.0954757928848267e-08,,,,8.514949634275126e-09,2.167441692790817e-08,0.3928571487111703
tiny_pixel_noise,15,5,0.15110399807791827,0.6486749554096173,0.4875445833811218,0.26175495941840765,2,0,0.5127371165977745,1646,0.40185546875,0.002200137823820114,0.015944242477416992,0.037045590579509735,0.30942440032958984,0.16709351539611816,1.0,0.037045590579509735,,,1.0,1.0,0.012646019458770752,0.038457129150629044,0.3288342041663789
pixel_matched_noise,15,5,0.15110399807791827,0.6486749554096173,0.4875445833811218,0.26175495941840765,2,0,0.5127371165977745,2287,0.558349609375,0.012265433557331562,0.02648639678955078,0.0704164206981659,0.5614331960678101,0.31454384326934814,1.0,0.0704164206981659,,,1.0,1.0,0.020025312900543213,0.07333160936832428,0.2730788683494131
sparse_pixel_matched_noise,15,5,0.15110399807791827,0.6486749554096173,0.4875445833811218,0.26175495941840765,2,0,0.5127371165977745,68,0.0166015625,0.012272135354578495,0.04682159423828125,0.1056353896856308,0.6175521016120911,0.42312416434288025,0.23828125,0.12761877477169037,0.09875854104757309,1.2922302559149288,0.3442623019218445,1.4447729392129867,0.043632544577121735,0.10922233760356903,0.3994837094174769
add_stroke,15,5,0.15110399807791827,0.6486749554096173,0.4875445833811218,0.26175495941840765,2,0,0.5127371165977745,68,0.0166015625,0.012272135354578495,0.014378964900970459,0.03296718746423721,0.44993865489959717,0.18932954967021942,0.0546875,0.17816434800624847,0.02456735633313656,7.252076519358317,0.5714285969734192,10.448980058942523,0.17816434800624847,0.02456735633313656,7.252076519358317
shift_position,15,5,0.15110399807791827,0.6486749554096173,0.4875445833811218,0.26175495941840765,2,0,0.5127371165977745,107,0.026123046875,0.01789120025932789,0.01011127233505249,0.028866462409496307,0.5145057439804077,0.19453249871730804,0.078125,0.11603902280330658,0.021478956565260887,5.402451578629427,0.5,6.4,0.12796707451343536,0.02313336730003357,5.531709796232287
change_width,15,5,0.15110399807791827,0.6486749554096173,0.4875445833811218,0.26175495941840765,2,0,0.5127371165977745,140,0.0341796875,0.022807521745562553,0.03227740526199341,0.06023949384689331,0.5407465100288391,0.3161628544330597,0.08203125,0.2896282374858856,0.03974092751741409,7.287908349873649,0.7142857313156128,8.707483200799851,0.35229524970054626,0.04334370046854019,8.127945835087383
change_intensity,15,5,0.15110399807791827,0.6486749554096173,0.4875445833811218,0.26175495941840765,2,0,0.5127371165977745,73,0.017822265625,0.01118259783834219,0.012417256832122803,0.022900430485606194,0.24066436290740967,0.10929698497056961,0.0546875,0.13767553865909576,0.016260549426078796,8.46684420381827,0.7857142686843872,14.367346627371651,0.13767553865909576,0.016260549426078796,8.46684420381827
no_change,0,6,0.15525612218030407,0.7924007549768849,0.0726097661825946,0.2711009933942189,2,0,0.5278104409594836,0,0.0,0.0,0.0,1.83936208486557e-08,2.980232238769531e-07,1.4901161193847656e-07,0.0,,1.83936208486557e-08,,,,2.9802322387695312e-08,1.783253722464906e-08,1.671232871254069
tiny_pixel_noise,0,6,0.15525612218030407,0.7924007549768849,0.0726097661825946,0.2711009933942189,2,0,0.5278104409594836,1465,0.357666015625,0.001971315825358033,0.08826804161071777,0.21406333148479462,0.4563711881637573,0.3893789052963257,1.0,0.21406333148479462,,,1.0,1.0,0.23733825981616974,0.21291865408420563,1.114689837003697
pixel_matched_noise,0,6,0.15525612218030407,0.7924007549768849,0.0726097661825946,0.2711009933942189,2,0,0.5278104409594836,1956,0.4775390625,0.01658337190747261,0.31826359033584595,0.4029703438282013,0.652986466884613,0.6189076900482178,1.0,0.4029703438282013,,,1.0,1.0,0.45657479763031006,0.40033403038978577,1.140484602784743
sparse_pixel_matched_noise,0,6,0.15525612218030407,0.7924007549768849,0.0726097661825946,0.2711009933942189,2,0,0.5278104409594836,68,0.0166015625,0.0166015625,0.5407665967941284,0.47335973381996155,0.7303053736686707,0.6983205080032349,0.23828125,0.5466682314872742,0.4504272937774658,1.2136658658108679,0.4754098355770111,1.995162588651063,0.5654197931289673,0.4688321650028229,1.206017494822615
add_stroke,0,6,0.15525612218030407,0.7924007549768849,0.0726097661825946,0.2711009933942189,2,0,0.5278104409594836,68,0.0166015625,0.0166015625,0.3349868059158325,0.35891908407211304,0.7306919097900391,0.6456838846206665,0.046875,0.6464935541152954,0.34477609395980835,1.8751113126499404,0.4166666567325592,8.888888676961264,0.6464935541152954,0.34477609395980835,1.8751113126499404
shift_position,0,6,0.15525612218030407,0.7924007549768849,0.0726097661825946,0.2711009933942189,2,0,0.5278104409594836,136,0.033203125,0.033203125,0.057604849338531494,0.11025647073984146,0.3751204013824463,0.29228177666664124,0.09375,0.2306860238313675,0.09779824316501617,2.3587951722417766,0.4583333432674408,4.888888994852702,0.16889406740665436,0.10737264901399612,1.5729710401821124
change_width,0,6,0.15525612218030407,0.7924007549768849,0.0726097661825946,0.2711009933942189,2,0,0.5278104409594836,136,0.033203125,0.033203125,0.14653050899505615,0.19858428835868835,0.40351390838623047,0.34772056341171265,0.078125,0.3353904187679291,0.18699055910110474,1.7936222041380463,0.6499999761581421,8.319999694824219,0.3609745502471924,0.19059789180755615,1.8939063114699244
change_intensity,0,6,0.15525612218030407,0.7924007549768849,0.0726097661825946,0.2711009933942189,2,0,0.5278104409594836,68,0.0166015625,0.010416666977107525,0.058759868144989014,0.05634408816695213,0.13418102264404297,0.1014023870229721,0.046875,0.09405743330717087,0.05448932945728302,1.7261624293047562,0.3333333432674408,7.111111323038737,0.09405743330717087,0.05448932945728302,1.7261624293047562
no_change,5,6,0.15525612218030407,0.7924007549768849,0.0726097661825946,0.2711009933942189,2,0,0.5278104409594836,0,0.0,0.0,0.0,2.3050233721733093e-08,2.980232238769531e-07,1.444266359840185e-07,0.0,,2.3050233721733093e-08,,,,1.4901161193847656e-08,2.345100824641122e-08,0.635416654042072
tiny_pixel_noise,5,6,0.15525612218030407,0.7924007549768849,0.0726097661825946,0.2711009933942189,2,0,0.5278104409594836,1456,0.35546875,0.001955997198820114,0.02475053071975708,0.09393808990716934,0.5143970251083374,0.3349299132823944,1.0,0.09393808990716934,,,1.0,1.0,0.26385220885276794,0.08558166027069092,3.0830461575320616
pixel_matched_noise,5,6,0.15525612218030407,0.7924007549768849,0.0726097661825946,0.2711009933942189,2,0,0.5278104409594836,2065,0.504150390625,0.01658911630511284,0.06846499443054199,0.18680739402770996,0.6922460794448853,0.5435431599617004,1.0,0.18680739402770996,,,1.0,1.0,0.3414405882358551,0.17920245230197906,1.9053343514545438
sparse_pixel_matched_noise,5,6,0.15525612218030407,0.7924007549768849,0.0726097661825946,0.2711009933942189,2,0,0.5278104409594836,68,0.0166015625,0.0166015625,0.1102936863899231,0.17581762373447418,0.7288979887962341,0.4833080470561981,0.23046875,0.21467208862304688,0.16418099403381348,1.3075331276093665,0.4237288236618042,1.8385521840240995,0.3170740306377411,0.16887056827545166,1.8776157022255573
add_stroke,5,6,0.15525612218030407,0.7924007549768849,0.0726097661825946,0.2711009933942189,2,0,0.5278104409594836,68,0.0166015625,0.0166015625,0.03400981426239014,0.09649013727903366,0.543624997138977,0.4029810130596161,0.046875,0.3923347294330597,0.08194039762020111,4.788050105047766,0.4166666567325592,8.888888676961264,0.3923347294330597,0.08194039762020111,4.788050105047766
shift_position,5,6,0.15525612218030407,0.7924007549768849,0.0726097661825946,0.2711009933942189,2,0,0.5278104409594836,136,0.033203125,0.033203125,0.004478633403778076,0.05253804847598076,0.479569673538208,0.3088023364543915,0.09375,0.24277980625629425,0.03285786509513855,7.388788211082359,0.5416666865348816,5.777777989705403,0.18109111487865448,0.04621576890349388,3.91838368537809
change_width,5,6,0.15525612218030407,0.7924007549768849,0.0726097661825946,0.2711009933942189,2,0,0.5278104409594836,136,0.033203125,0.033203125,0.023205995559692383,0.07202178984880447,0.38344675302505493,0.27686816453933716,0.078125,0.2514750361442566,0.05681389197707176,4.4262948267255435,0.6000000238418579,7.680000305175781,0.2855217754840851,0.06152179092168808,4.6409860832486105
change_intensity,5,6,0.15525612218030407,0.7924007549768849,0.0726097661825946,0.2711009933942189,2,0,0.5278104409594836,68,0.0166015625,0.010416666977107525,0.015257596969604492,0.036372456699609756,0.24557054042816162,0.15632273256778717,0.046875,0.1460629552602768,0.03097783960402012,4.715078815287094,0.3333333432674408,7.111111323038737,0.1460629552602768,0.03097783960402012,4.715078815287094
no_change,15,6,0.15525612218030407,0.7924007549768849,0.0726097661825946,0.2711009933942189,2,0,0.5278104409594836,0,0.0,0.0,0.0,2.2118911147117615e-08,2.384185791015625e-07,1.5130409281027823e-07,0.0,,2.2118911147117615e-08,,,,2.4835268064293814e-08,2.198532023101052e-08,1.1296295802534373
tiny_pixel_noise,15,6,0.15525612218030407,0.7924007549768849,0.0726097661825946,0.2711009933942189,2,0,0.5278104409594836,1612,0.3935546875,0.002126416889950633,0.012284457683563232,0.03365315869450569,0.35696446895599365,0.16362439095973969,1.0,0.03365315869450569,,,1.0,1.0,0.12445998191833496,0.029187249019742012,4.264190223414042
pixel_matched_noise,15,6,0.15525612218030407,0.7924007549768849,0.0726097661825946,0.2711009933942189,2,0,0.5278104409594836,2261,0.552001953125,0.016592945903539658,0.02639174461364746,0.07430112361907959,0.5878483653068542,0.3358902335166931,1.0,0.07430112361907959,,,1.0,1.0,0.18904609978199005,0.06865793466567993,2.75344868298942
sparse_pixel_matched_noise,15,6,0.15525612218030407,0.7924007549768849,0.0726097661825946,0.2711009933942189,2,0,0.5278104409594836,68,0.0166015625,0.0166015625,0.03357011079788208,0.09965988248586655,0.771953284740448,0.4051704704761505,0.22265625,0.14446204900741577,0.0868270993232727,1.6637898781987166,0.3684210479259491,1.654662952088473,0.17658984661102295,0.09587644040584564,1.8418481731645115
add_stroke,15,6,0.15525612218030407,0.7924007549768849,0.0726097661825946,0.2711009933942189,2,0,0.5278104409594836,68,0.0166015625,0.0166015625,0.01425325870513916,0.05860695615410805,0.5365033745765686,0.34962618350982666,0.046875,0.322685182094574,0.045619502663612366,7.073404207713084,0.4166666567325592,8.888888676961264,0.322685182094574,0.045619502663612366,7.073404207713084
shift_position,15,6,0.15525612218030407,0.7924007549768849,0.0726097661825946,0.2711009933942189,2,0,0.5278104409594836,136,0.033203125,0.03228975087404251,0.0046263933181762695,0.049199625849723816,0.5710827112197876,0.3339637219905853,0.09375,0.24807047843933105,0.028626782819628716,8.665677872444505,0.5416666865348816,5.777777989705403,0.2129303216934204,0.041147295385599136,5.174831533834967
change_width,15,6,0.15525612218030407,0.7924007549768849,0.0726097661825946,0.2711009933942189,2,0,0.5278104409594836,135,0.032958984375,0.03280675411224365,0.0073697566986083984,0.035117581486701965,0.3113367557525635,0.20684000849723816,0.078125,0.18944977223873138,0.02203858084976673,8.596278205487838,0.699999988079071,8.95999984741211,0.19891417026519775,0.027062010020017624,7.350310273259895
change_intensity,15,6,0.15525612218030407,0.7924007549768849,0.0726097661825946,0.2711009933942189,2,0,0.5278104409594836,68,0.0166015625,0.010416666977107525,0.0070969462394714355,0.017794102430343628,0.16812562942504883,0.09422583878040314,0.046875,0.07608301937580109,0.014927435666322708,5.096857965192874,0.25,5.333333333333333,0.07608301937580109,0.014927435666322708,5.096857965192874
no_change,0,7,0.24642003952550487,0.623054952047247,0.7911427652577864,0.20990880807085385,2,0,0.6836757888149682,0,0.0,0.0,0.0,1.83936208486557e-08,2.980232238769531e-07,1.4901161193847656e-07,0.0,,1.83936208486557e-08,,,,1.9868215517249155e-08,1.8282097613564474e-08,1.0867579824378497
tiny_pixel_noise,0,7,0.24642003952550487,0.623054952047247,0.7911427652577864,0.20990880807085385,2,0,0.6836757888149682,1422,0.34716796875,0.0019109987188130617,0.09064096212387085,0.20629605650901794,0.441009521484375,0.3633628487586975,1.0,0.20629605650901794,,,1.0,1.0,0.26126712560653687,0.20213855803012848,1.2925150359863324
pixel_matched_noise,0,7,0.24642003952550487,0.623054952047247,0.7911427652577864,0.20990880807085385,2,0,0.6836757888149682,1997,0.487548828125,0.021461397409439087,0.33063971996307373,0.40574386715888977,0.6498573422431946,0.6224113702774048,1.0,0.40574386715888977,,,1.0,1.0,0.4827852249145508,0.39991724491119385,1.2072128197966525
sparse_pixel_matched_noise,0,7,0.24642003952550487,0.623054952047247,0.7911427652577864,0.20990880807085385,2,0,0.6836757888149682,88,0.021484375,0.021484375,0.5457990765571594,0.48891913890838623,0.7908216714859009,0.7076844573020935,0.28515625,0.548193097114563,0.4652743339538574,1.1782147802051959,0.465753436088562,1.633327118337971,0.5397439002990723,0.4850752353668213,1.112701414020672
add_stroke,0,7,0.24642003952550487,0.623054952047247,0.7911427652577864,0.20990880807085385,2,0,0.6836757888149682,88,0.021484375,0.021484375,0.3481431007385254,0.40117305517196655,0.80977463722229,0.7616662383079529,0.0703125,0.7674174904823303,0.3734739422798157,2.05480865893279,0.8333333134651184,11.851851569281685,0.7674174904823303,0.3734739422798157,2.05480865893279
shift_position,0,7,0.24642003952550487,0.623054952047247,0.7911427652577864,0.20990880807085385,2,0,0.6836757888149682,36,0.0087890625,0.0087890625,0.002398252487182617,0.023729391396045685,0.35015732049942017,0.14983411133289337,0.0625,0.06610606610774994,0.020904280245304108,3.1623220379759243,0.1875,3.0,0.05116094648838043,0.02165473811328411,2.3625751658015073
change_width,0,7,0.24642003952550487,0.623054952047247,0.7911427652577864,0.20990880807085385,2,0,0.6836757888149682,182,0.04443359375,0.04443359375,0.09675818681716919,0.09103790670633316,0.27272796630859375,0.23415495455265045,0.10546875,0.22120770812034607,0.0756903737783432,2.9225342283041917,0.8518518805503845,8.076817830403646,0.23856213688850403,0.07988061010837555,2.986483660613536
change_intensity,0,7,0.24642003952550487,0.623054952047247,0.7911427652577864,0.20990880807085385,2,0,0.6836757888149682,88,0.021484375,0.013480392284691334,0.03233075141906738,0.02009373903274536,0.06106364727020264,0.0461609922349453,0.0703125,0.04935462400317192,0.01788073033094406,2.760212982898116,0.8888888955116272,12.641975402832031,0.04935462400317192,0.01788073033094406,2.760212982898116
no_change,5,7,0.24642003952550487,0.623054952047247,0.7911427652577864,0.20990880807085385,2,0,0.6836757888149682,0,0.0,0.0,0.0,1.979060471057892e-08,2.384185791015625e-07,1.5130409281027823e-07,0.0,,1.979060471057892e-08,,,,2.2351741790771484e-08,1.9619863067532606e-08,1.1392404581946167
tiny_pixel_noise,5,7,0.24642003952550487,0.623054952047247,0.7911427652577864,0.20990880807085385,2,0,0.6836757888149682,1494,0.36474609375,0.0020421645604074,0.016832172870635986,0.06856535375118256,0.5327353477478027,0.2932746112346649,1.0,0.06856535375118256,,,1.0,1.0,0.03431279957294464,0.07084885984659195,0.4843098343042029
pixel_matched_noise,5,7,0.24642003952550487,0.623054952047247,0.7911427652577864,0.20990880807085385,2,0,0.6836757888149682,2086,0.50927734375,0.017487170174717903,0.03777569532394409,0.1133386418223381,0.5415033102035522,0.4124095141887665,1.0,0.1133386418223381,,,1.0,1.0,0.10404247045516968,0.11395838111639023,0.9129865608472181
sparse_pixel_matched_noise,5,7,0.24642003952550487,0.623054952047247,0.7911427652577864,0.20990880807085385,2,0,0.6836757888149682,79,0.019287109375,0.017488127574324608,0.09343522787094116,0.16780675947666168,0.6117527484893799,0.5242776274681091,0.26953125,0.21283584833145142,0.15119174122810364,1.4077213914108249,0.3913043439388275,1.451795826787534,0.10755886882543564,0.17182327806949615,0.6259854312751039
add_stroke,5,7,0.24642003952550487,0.623054952047247,0.7911427652577864,0.20990880807085385,2,0,0.6836757888149682,79,0.019287109375,0.017488127574324608,0.07212740182876587,0.0775594487786293,0.6463935971260071,0.35898053646087646,0.0625,0.3131003975868225,0.061856720596551895,5.061703798184797,0.5625,9.0,0.3131003975868225,0.061856720596551895,5.061703798184797
shift_position,5,7,0.24642003952550487,0.623054952047247,0.7911427652577864,0.20990880807085385,2,0,0.6836757888149682,34,0.00830078125,0.007873774506151676,0.0051822662353515625,0.02245713397860527,0.5874035954475403,0.16448499262332916,0.0546875,0.09360186010599136,0.018341325223445892,5.103331355050572,0.3571428656578064,6.530612400599888,0.07197854667901993,0.019155709072947502,3.7575506291579184
change_width,5,7,0.24642003952550487,0.623054952047247,0.7911427652577864,0.20990880807085385,2,0,0.6836757888149682,163,0.039794921875,0.036014094948768616,0.03497523069381714,0.05843853950500488,0.43871140480041504,0.2812850773334503,0.1015625,0.24373120069503784,0.03749241307377815,6.500813917082899,0.7307692170143127,7.19526613675631,0.2895731031894684,0.04302956908941269,6.729630561434488
change_intensity,5,7,0.24642003952550487,0.623054952047247,0.7911427652577864,0.20990880807085385,2,0,0.6836757888149682,88,0.021484375,0.013480392284691334,0.0262448787689209,0.028452347964048386,0.3430638313293457,0.14625908434391022,0.0703125,0.17119614779949188,0.01765659637749195,9.695874795989962,0.8333333134651184,11.851851569281685,0.18505263328552246,0.01801232434809208,10.273667612760027
no_change,15,7,0.24642003952550487,0.623054952047247,0.7911427652577864,0.20990880807085385,2,0,0.6836757888149682,0,0.0,0.0,0.0,1.5832483768463135e-08,2.384185791015625e-07,1.1920928955078125e-07,0.0,,1.5832483768463135e-08,,,,1.4901161193847656e-08,1.5894572769070692e-08,0.9374999511055674
tiny_pixel_noise,15,7,0.24642003952550487,0.623054952047247,0.7911427652577864,0.20990880807085385,2,0,0.6836757888149682,1603,0.391357421875,0.002158011542633176,0.012677907943725586,0.035149961709976196,0.36347681283950806,0.17892827093601227,1.0,0.035149961709976196,,,1.0,1.0,0.0159979909658432,0.036426760256290436,0.43918237178615277
pixel_matched_noise,15,7,0.24642003952550487,0.623054952047247,0.7911427652577864,0.20990880807085385,2,0,0.6836757888149682,2252,0.5498046875,0.014889705926179886,0.04733693599700928,0.07783667743206024,0.41735029220581055,0.28637105226516724,1.0,0.07783667743206024,,,1.0,1.0,0.06923641264438629,0.07841002941131592,0.8830045488338292
sparse_pixel_matched_noise,15,7,0.24642003952550487,0.623054952047247,0.7911427652577864,0.20990880807085385,2,0,0.6836757888149682,82,0.02001953125,0.014899279922246933,0.029691994190216064,0.09200090169906616,0.48861032724380493,0.34826767444610596,0.2734375,0.12734214961528778,0.07870042324066162,1.618061814304129,0.4000000059604645,1.462857164655413,0.08841776847839355,0.09223977476358414,0.9585644447312821
add_stroke,15,7,0.24642003952550487,0.623054952047247,0.7911427652577864,0.20990880807085385,2,0,0.6836757888149682,82,0.02001953125,0.014899279922246933,0.03586292266845703,0.059039220213890076,0.6105494499206543,0.26055699586868286,0.0625,0.2622388005256653,0.04549258202314377,5.764429910622674,0.625,10.0,0.2622388005256653,0.04549258202314377,5.764429910622674
shift_position,15,7,0.24642003952550487,0.623054952047247,0.7911427652577864,0.20990880807085385,2,0,0.6836757888149682,35,0.008544921875,0.007417087908834219,0.008499085903167725,0.022276727482676506,0.5708284974098206,0.13863494992256165,0.05859375,0.1098550483584404,0.01682579517364502,6.528966222678806,0.4000000059604645,6.826666768391927,0.09148058295249939,0.01766313798725605,5.179180676644354
change_width,15,7,0.24642003952550487,0.623054952047247,0.7911427652577864,0.20990880807085385,2,0,0.6836757888149682,167,0.040771484375,0.030377795919775963,0.0351681113243103,0.06059825047850609,0.4443534016609192,0.2620551288127899,0.10546875,0.24062643945217133,0.039372216910123825,6.111579645145629,0.7777777910232544,7.37448572229456,0.30265435576438904,0.04446117579936981,6.807160411818862
change_intensity,15,7,0.24642003952550487,0.623054952047247,0.7911427652577864,0.20990880807085385,2,0,0.6836757888149682,88,0.021484375,0.013480392284691334,0.03215503692626953,0.037112489342689514,0.30330878496170044,0.1483776718378067,0.0703125,0.17269004881381989,0.026858726516366005,6.429569499826938,0.8333333134651184,11.851851569281685,0.18501946330070496,0.02725202590227127,6.789200331902108
no_change,0,8,0.21547953986411467,0.5347530359534808,0.5543274824645031,0.7096634413010653,2,0,0.3813287008649788,0,0.0,0.0,0.0,1.83936208486557e-08,2.980232238769531e-07,1.4901161193847656e-07,0.0,,1.83936208486557e-08,,,,2.6490953430879927e-08,1.8098576859415516e-08,1.4637036733138717
tiny_pixel_noise,0,8,0.21547953986411467,0.5347530359534808,0.5543274824645031,0.7096634413010653,2,0,0.3813287008649788,1392,0.33984375,0.0019023820059373975,0.09101200103759766,0.20940813422203064,0.41699516773223877,0.3720911741256714,0.9921875,0.20917871594429016,0.2385445237159729,0.876895904738322,0.9921259880065918,0.999938003660187,0.2682689428329468,0.20726341009140015,1.2943381695526677
pixel_matched_noise,0,8,0.21547953986411467,0.5347530359534808,0.5543274824645031,0.7096634413010653,2,0,0.3813287008649788,1904,0.46484375,0.008280675858259201,0.19529390335083008,0.3134394884109497,0.514227032661438,0.4903702735900879,1.0,0.3134394884109497,,,1.0,1.0,0.3854953348636627,0.3108139634132385,1.240276757936813
sparse_pixel_matched_noise,0,8,0.21547953986411467,0.5347530359534808,0.5543274824645031,0.7096634413010653,2,0,0.3813287008649788,34,0.00830078125,0.00830078125,0.5292267203330994,0.43127602338790894,0.7857071757316589,0.7078896164894104,0.12109375,0.5270289182662964,0.41808339953422546,1.2605832206048935,0.3870967626571655,3.1966700400075605,0.44474950432777405,0.43078508973121643,1.0324161976109028
add_stroke,0,8,0.21547953986411467,0.5347530359534808,0.5543274824645031,0.7096634413010653,2,0,0.3813287008649788,34,0.00830078125,0.00830078125,0.29968923330307007,0.33443617820739746,0.8133296966552734,0.7005282640457153,0.03515625,0.7621967792510986,0.31884974241256714,2.3904575662629024,0.7777777910232544,22.123457166883682,0.7621967792510986,0.31884974241256714,2.3904575662629024
shift_position,0,8,0.21547953986411467,0.5347530359534808,0.5543274824645031,0.7096634413010653,2,0,0.3813287008649788,68,0.0166015625,0.0166015625,0.006631135940551758,0.06939530372619629,0.4855385422706604,0.3584861755371094,0.07421875,0.31006231904029846,0.050101324915885925,6.18870498057398,0.6315789222717285,8.509694952713815,0.21536332368850708,0.06407662481069565,3.3610278994058174
change_width,0,8,0.21547953986411467,0.5347530359534808,0.5543274824645031,0.7096634413010653,2,0,0.3813287008649788,98,0.02392578125,0.02392578125,0.141940176486969,0.11160976439714432,0.3452891707420349,0.27217480540275574,0.05859375,0.2843279242515564,0.10085967183113098,2.8190447092432116,0.7333333492279053,12.515555826822917,0.3112318217754364,0.10433608293533325,2.9829739915416953
change_intensity,0,8,0.21547953986411467,0.5347530359534808,0.5543274824645031,0.7096634413010653,2,0,0.3813287008649788,34,0.00830078125,0.0052083334885537624,0.04845994710922241,0.036556120961904526,0.1006011962890625,0.07276837527751923,0.03515625,0.08696325868368149,0.034719426184892654,2.5047435467560093,0.6666666865348816,18.962963528103298,0.08696325868368149,0.034719426184892654,2.5047435467560093
no_change,5,8,0.21547953986411467,0.5347530359534808,0.5543274824645031,0.7096634413010653,2,0,0.3813287008649788,0,0.0,0.0,0.0,1.3737007975578308e-08,2.384185791015625e-07,1.1920928955078125e-07,0.0,,1.3737007975578308e-08,,,,1.7029899268550253e-08,1.3644436691606643e-08,1.2481203624203976
tiny_pixel_noise,5,8,0.21547953986411467,0.5347530359534808,0.5543274824645031,0.7096634413010653,2,0,0.3813287008649788,1491,0.364013671875,0.002048866357654333,0.024837017059326172,0.0845375508069992,0.5227840542793274,0.3185535967350006,1.0,0.0845375508069992,,,1.0,1.0,0.01363894809037447,0.08653069287538528,0.1576197720965463
pixel_matched_noise,5,8,0.21547953986411467,0.5347530359534808,0.5543274824645031,0.7096634413010653,2,0,0.3813287008649788,1885,0.460205078125,0.006091069430112839,0.03165876865386963,0.0903112068772316,0.5459920763969421,0.31636369228363037,1.0,0.0903112068772316,,,1.0,1.0,0.021087782457470894,0.09225723892450333,0.2285759112596857
sparse_pixel_matched_noise,5,8,0.21547953986411467,0.5347530359534808,0.5543274824645031,0.7096634413010653,2,0,0.3813287008649788,26,0.00634765625,0.006104473024606705,0.09133172035217285,0.12474063038825989,0.6636142134666443,0.44120994210243225,0.09765625,0.20404960215091705,0.1161573976278305,1.7566647180293593,0.1599999964237213,1.6383999633789061,0.041239090263843536,0.1270880550146103,0.3244922605755719
add_stroke,5,8,0.21547953986411467,0.5347530359534808,0.5543274824645031,0.7096634413010653,2,0,0.3813287008649788,26,0.00634765625,0.006104473024606705,0.04310142993927002,0.038689810782670975,0.41322970390319824,0.15348760783672333,0.02734375,0.18108074367046356,0.0346868522465229,5.220443249894938,0.5714285969734192,20.897960117885045,0.18108074367046356,0.0346868522465229,5.220443249894938
shift_position,5,8,0.21547953986411467,0.5347530359534808,0.5543274824645031,0.7096634413010653,2,0,0.3813287008649788,49,0.011962890625,0.011354932561516762,0.030294597148895264,0.033309582620859146,0.3957836627960205,0.16148298978805542,0.05859375,0.13683156669139862,0.026866303756833076,5.093055149300074,0.5333333611488342,9.102222696940105,0.16757965087890625,0.029534922912716866,5.673949154163914
change_width,5,8,0.21547953986411467,0.5347530359534808,0.5543274824645031,0.7096634413010653,2,0,0.3813287008649788,81,0.019775390625,0.018924249336123466,0.04619193077087402,0.04964593052864075,0.5358697175979614,0.2698497474193573,0.05859375,0.2619156539440155,0.036434125155210495,7.188745518885022,0.5333333611488342,9.102222696940105,0.3597799837589264,0.040927305817604065,8.790707733421685
change_intensity,5,8,0.21547953986411467,0.5347530359534808,0.5543274824645031,0.7096634413010653,2,0,0.3813287008649788,34,0.00830078125,0.0052083334885537624,0.01782703399658203,0.018932726234197617,0.20603656768798828,0.0805797427892685,0.03515625,0.08599220216274261,0.016489263623952866,5.215041988765794,0.4444444477558136,12.641975402832031,0.08130835741758347,0.017179196700453758,4.7329545633199395
no_change,15,8,0.21547953986411467,0.5347530359534808,0.5543274824645031,0.7096634413010653,2,0,0.3813287008649788,0,0.0,0.0,0.0,1.816079020500183e-08,2.384185791015625e-07,1.329642032033007e-07,0.0,,1.816079020500183e-08,,,,1.7029899268550253e-08,1.8192581663356577e-08,0.936090302282485
tiny_pixel_noise,15,8,0.21547953986411467,0.5347530359534808,0.5543274824645031,0.7096634413010653,2,0,0.3813287008649788,1661,0.405517578125,0.0022480085026472807,0.007079958915710449,0.03218359500169754,0.29304641485214233,0.15865635871887207,1.0,0.03218359500169754,,,1.0,1.0,0.004764471668750048,0.03295440971851349,0.1445776668265859
pixel_matched_noise,15,8,0.21547953986411467,0.5347530359534808,0.5543274824645031,0.7096634413010653,2,0,0.3813287008649788,1844,0.4501953125,0.0032839307095855474,0.008061766624450684,0.0337364599108696,0.34920990467071533,0.16772405803203583,1.0,0.0337364599108696,,,1.0,1.0,0.004999109543859959,0.034544337540864944,0.1447157450319074
sparse_pixel_matched_noise,15,8,0.21547953986411467,0.5347530359534808,0.5543274824645031,0.7096634413010653,2,0,0.3813287008649788,26,0.00634765625,0.0033308439888060093,0.01753610372543335,0.053155384957790375,0.5469611883163452,0.2548845112323761,0.09765625,0.11576070636510849,0.04637992009520531,2.4959229366390323,0.23999999463558197,2.457599945068359,0.015305663459002972,0.054219432175159454,0.2822911056972529
add_stroke,15,8,0.21547953986411467,0.5347530359534808,0.5543274824645031,0.7096634413010653,2,0,0.3813287008649788,26,0.00634765625,0.0033308439888060093,0.011218607425689697,0.01622331142425537,0.3289695382118225,0.08174367994070053,0.02734375,0.09483695030212402,0.014013288542628288,6.767644155305226,0.5714285969734192,20.897960117885045,0.09483695030212402,0.014013288542628288,6.767644155305226
shift_position,15,8,0.21547953986411467,0.5347530359534808,0.5543274824645031,0.7096634413010653,2,0,0.3813287008649788,54,0.01318359375,0.006449142005294561,0.01977217197418213,0.02477395348250866,0.32458198070526123,0.11567838490009308,0.06640625,0.10770858079195023,0.018874837085604668,5.706464130177668,0.7058823704719543,10.629758049460019,0.10832227766513824,0.022425204515457153,4.830380815054521
change_width,15,8,0.21547953986411467,0.5347530359534808,0.5543274824645031,0.7096634413010653,2,0,0.3813287008649788,88,0.021484375,0.014415785670280457,0.02139103412628174,0.03256303817033768,0.3579123020172119,0.17700599133968353,0.05859375,0.20220910012722015,0.022004157304763794,9.189586191671284,0.7333333492279053,12.515555826822917,0.27488866448402405,0.025750674307346344,10.675008397958797
change_intensity,15,8,0.21547953986411467,0.5347530359534808,0.5543274824645031,0.7096634413010653,2,0,0.3813287008649788,34,0.00830078125,0.0052083334885537624,0.006530165672302246,0.012541286647319794,0.3196645975112915,0.07731066644191742,0.03515625,0.11667084693908691,0.008747093379497528,13.338241845291584,0.5555555820465088,15.802469889322916,0.14062052965164185,0.008940665982663631,15.7281940656671
no_change,0,9,0.8868764771693759,0.8914021901410919,0.4377225136406948,0.3357378667700925,2,0,0.7144943129380908,0,0.0,0.0,0.0,1.83936208486557e-08,2.980232238769531e-07,1.4901161193847656e-07,0.0,,1.83936208486557e-08,,,,1.8822518654815212e-08,1.835923590931543e-08,1.0252343151854546
tiny_pixel_noise,0,9,0.8868764771693759,0.8914021901410919,0.4377225136406948,0.3357378667700925,2,0,0.7144943129380908,1412,0.3447265625,0.0019109987188130617,0.09287106990814209,0.21332189440727234,0.43490463495254517,0.3792427182197571,1.0,0.21332189440727234,,,1.0,1.0,0.26654303073883057,0.20905523002147675,1.2749885793885567
pixel_matched_noise,0,9,0.8868764771693759,0.8914021901410919,0.4377225136406948,0.3357378667700925,2,0,0.7144943129380908,2024,0.494140625,0.024422679096460342,0.3632432222366333,0.4211485683917999,0.6489227414131165,0.6138574481010437,1.0,0.4211485683917999,,,1.0,1.0,0.4624343812465668,0.4178387224674225,1.106729358437145
sparse_pixel_matched_noise,0,9,0.8868764771693759,0.8914021901410919,0.4377225136406948,0.3357378667700925,2,0,0.7144943129380908,100,0.0244140625,0.0244140625,0.5363129377365112,0.483612060546875,0.7295464277267456,0.6880709528923035,0.328125,0.5502939820289612,0.45104652643203735,1.2200381773960478,0.5833333134651184,1.7777777172270275,0.5036346912384033,0.48200690746307373,1.0448702776671026
add_stroke,0,9,0.8868764771693759,0.8914021901410919,0.4377225136406948,0.3357378667700925,2,0,0.7144943129380908,100,0.0244140625,0.0244140625,0.3602602481842041,0.41871216893196106,0.7666634321212769,0.7273445725440979,0.07421875,0.7237548232078552,0.39425724744796753,1.8357425967251837,0.7368420958518982,9.927977712530838,0.7237548232078552,0.39425724744796753,1.8357425967251837
shift_position,0,9,0.8868764771693759,0.8914021901410919,0.4377225136406948,0.3357378667700925,2,0,0.7144943129380908,200,0.048828125,0.048828125,0.05995303392410278,0.12972575426101685,0.45039230585098267,0.35411232709884644,0.14453125,0.26847752928733826,0.10628368705511093,2.5260464397337428,0.5135135054588318,3.552958308039485,0.33742570877075195,0.11307471245527267,2.9840952184974388
change_width,0,9,0.8868764771693759,0.8914021901410919,0.4377225136406948,0.3357378667700925,2,0,0.7144943129380908,198,0.04833984375,0.04833984375,0.17183423042297363,0.128292515873909,0.36790329217910767,0.3252077102661133,0.109375,0.3024866580963135,0.10690026730298996,2.8296155447298217,0.8214285969734192,7.510204315185547,0.3253884017467499,0.11249157786369324,2.892557895676644
change_intensity,0,9,0.8868764771693759,0.8914021901410919,0.4377225136406948,0.3357378667700925,2,0,0.7144943129380908,100,0.0244140625,0.015318627469241619,0.03927367925643921,0.03383808210492134,0.08871603012084961,0.07060191035270691,0.07421875,0.07269355654716492,0.0307230893522501,2.366088765153462,0.7894737124443054,10.63711949398643,0.07269355654716492,0.0307230893522501,2.366088765153462
no_change,5,9,0.8868764771693759,0.8914021901410919,0.4377225136406948,0.3357378667700925,2,0,0.7144943129380908,0,0.0,0.0,0.0,1.6530975699424744e-08,2.384185791015625e-07,1.237942655052393e-07,0.0,,1.6530975699424744e-08,,,,6.274173180997877e-09,1.735325128038312e-08,0.3615560611451803
tiny_pixel_noise,5,9,0.8868764771693759,0.8914021901410919,0.4377225136406948,0.3357378667700925,2,0,0.7144943129380908,1489,0.363525390625,0.001990464050322771,0.027449429035186768,0.09366733580827713,0.48070913553237915,0.3525291681289673,0.99609375,0.09374172240495682,0.07469868659973145,1.254931333763154,0.9960784316062927,0.9999846215341606,0.01961463689804077,0.0996040478348732,0.19692610214555284
pixel_matched_noise,5,9,0.8868764771693759,0.8914021901410919,0.4377225136406948,0.3357378667700925,2,0,0.7144943129380908,1999,0.488037109375,0.01895775832235813,0.06637370586395264,0.18576356768608093,0.6410176753997803,0.5313719511032104,1.0,0.18576356768608093,,,1.0,1.0,0.04505137354135513,0.19704431295394897,0.22863574627441313
sparse_pixel_matched_noise,5,9,0.8868764771693759,0.8914021901410919,0.4377225136406948,0.3357378667700925,2,0,0.7144943129380908,90,0.02197265625,0.018983609974384308,0.17567497491836548,0.2275860607624054,0.7106190919876099,0.5310019254684448,0.296875,0.27175652980804443,0.20893633365631104,1.3006666913906377,0.43421053886413574,1.4626039203844572,0.1415167897939682,0.23448611795902252,0.6035188395191006
add_stroke,5,9,0.8868764771693759,0.8914021901410919,0.4377225136406948,0.3357378667700925,2,0,0.7144943129380908,90,0.02197265625,0.018983609974384308,0.14218348264694214,0.11845889687538147,0.4578789472579956,0.36108508706092834,0.07421875,0.3579165041446686,0.09926186501979828,3.6057805691368015,0.7894737124443054,10.63711949398643,0.3579165041446686,0.09926186501979828,3.6057805691368015
shift_position,5,9,0.8868764771693759,0.8914021901410919,0.4377225136406948,0.3357378667700925,2,0,0.7144943129380908,184,0.044921875,0.04193282872438431,0.05925178527832031,0.10021038353443146,0.5413660407066345,0.39247366786003113,0.13671875,0.27535784244537354,0.07247209548950195,3.7995015955521927,0.6000000238418579,4.388571602957589,0.2924625873565674,0.08479775488376617,3.448942578225699
change_width,5,9,0.8868764771693759,0.8914021901410919,0.4377225136406948,0.3357378667700925,2,0,0.7144943129380908,185,0.045166015625,0.04089595004916191,0.12368738651275635,0.1144125685095787,0.5193943977355957,0.39055636525154114,0.109375,0.3699854910373688,0.08302641659975052,4.456238221396159,0.8571428656578064,7.836734771728516,0.38973933458328247,0.09233995527029037,4.220700924561504
change_intensity,5,9,0.8868764771693759,0.8914021901410919,0.4377225136406948,0.3357378667700925,2,0,0.7144943129380908,100,0.0244140625,0.015318627469241619,0.08495491743087769,0.06469232589006424,0.2673851251602173,0.19241993129253387,0.07421875,0.18240925669670105,0.05525510385632515,3.301220049662803,0.7368420958518982,9.927977712530838,0.18240925669670105,0.05525510385632515,3.301220049662803
no_change,15,9,0.8868764771693759,0.8914021901410919,0.4377225136406948,0.3357378667700925,2,0,0.7144943129380908,0,0.0,0.0,1.1920928955078125e-07,2.0721927285194397e-08,2.980232238769531e-07,1.467191310666749e-07,0.0,,2.0721927285194397e-08,,,,9.411259327407606e-09,2.1628689950148328e-08,0.43512849595141867
tiny_pixel_noise,15,9,0.8868764771693759,0.8914021901410919,0.4377225136406948,0.3357378667700925,2,0,0.7144943129380908,1626,0.39697265625,0.002190563827753067,0.01105356216430664,0.033670809119939804,0.32230299711227417,0.16412967443466187,1.0,0.033670809119939804,,,1.0,1.0,0.016413340345025063,0.035054322332143784,0.4682258635470614
pixel_matched_noise,15,9,0.8868764771693759,0.8914021901410919,0.4377225136406948,0.3357378667700925,2,0,0.7144943129380908,2239,0.546630859375,0.012877221219241619,0.021601498126983643,0.053648144006729126,0.4187936782836914,0.22948239743709564,1.0,0.053648144006729126,,,1.0,1.0,0.02843964472413063,0.05566907674074173,0.5108697034186112
sparse_pixel_matched_noise,15,9,0.8868764771693759,0.8914021901410919,0.4377225136406948,0.3357378667700925,2,0,0.7144943129380908,76,0.0185546875,0.012882008217275143,0.033962130546569824,0.09653177112340927,0.748491644859314,0.39355945587158203,0.265625,0.13150259852409363,0.08388275653123856,1.5676952446730943,0.38235294818878174,1.439446393181296,0.04520874470472336,0.10064627975225449,0.44918445883948016
add_stroke,15,9,0.8868764771693759,0.8914021901410919,0.4377225136406948,0.3357378667700925,2,0,0.7144943129380908,76,0.0185546875,0.012882008217275143,0.03317463397979736,0.04871409013867378,0.4371929168701172,0.22790741920471191,0.07421875,0.23414365947246552,0.03384843096137047,6.917415455377593,0.7894737124443054,10.63711949398643,0.23414365947246552,0.03384843096137047,6.917415455377593
shift_position,15,9,0.8868764771693759,0.8914021901410919,0.4377225136406948,0.3357378667700925,2,0,0.7144943129380908,172,0.0419921875,0.03363587707281113,0.03398275375366211,0.0712188184261322,0.6832718849182129,0.3675559163093567,0.14453125,0.24771228432655334,0.04140028357505798,5.983347526532164,0.7297297120094299,5.048940710119299,0.20318324863910675,0.060639385133981705,3.3506812146953133
change_width,15,9,0.8868764771693759,0.8914021901410919,0.4377225136406948,0.3357378667700925,2,0,0.7144943129380908,188,0.0458984375,0.03348556160926819,0.05080139636993408,0.0865580141544342,0.49102574586868286,0.36332225799560547,0.109375,0.3239298164844513,0.057407084852457047,5.642680120702679,0.7857142686843872,7.1836733136858255,0.3461952805519104,0.06574321538209915,5.265870836098077
change_intensity,15,9,0.8868764771693759,0.8914021901410919,0.4377225136406948,0.3357378667700925,2,0,0.7144943129380908,100,0.0244140625,0.015318627469241619,0.02702653408050537,0.03273078426718712,0.2628735303878784,0.1411227434873581,0.07421875,0.1551945060491562,0.022913020104169846,6.773201670648078,0.7894737124443054,10.63711949398643,0.1551945060491562,0.022913020104169846,6.773201670648078
no_change,0,10,0.891241429532166,0.9431864032120993,0.9161954671638847,0.32388322064741953,2,0,0.6198057243434157,0,0.0,0.0,0.0,1.83936208486557e-08,2.980232238769531e-07,1.4901161193847656e-07,0.0,,1.83936208486557e-08,,,,1.833989138333436e-08,1.839649499402185e-08,0.9969231306993054
tiny_pixel_noise,0,10,0.891241429532166,0.9431864032120993,0.9161954671638847,0.32388322064741953,2,0,0.6198057243434157,1436,0.3505859375,0.0019387637730687857,0.09466928243637085,0.20998471975326538,0.44312989711761475,0.3664180338382721,1.0,0.20998471975326538,,,1.0,1.0,0.208343505859375,0.21007253229618073,0.9917693835652537
pixel_matched_noise,0,10,0.891241429532166,0.9431864032120993,0.9161954671638847,0.32388322064741953,2,0,0.6198057243434157,1999,0.488037109375,0.019521676003932953,0.3490563631057739,0.4099617600440979,0.6389498710632324,0.6109012961387634,1.0,0.4099617600440979,,,1.0,1.0,0.4578380584716797,0.4074004590511322,1.1238034918714148
sparse_pixel_matched_noise,0,10,0.891241429532166,0.9431864032120993,0.9161954671638847,0.32388322064741953,2,0,0.6198057243434157,80,0.01953125,0.01953125,0.5570302605628967,0.4652522802352905,0.7412608861923218,0.693013072013855,0.26171875,0.5202774405479431,0.44574591517448425,1.1672063003522624,0.4029850661754608,1.539763834939074,0.4798644781112671,0.4644705057144165,1.0331430568948026
add_stroke,0,10,0.891241429532166,0.9431864032120993,0.9161954671638847,0.32388322064741953,2,0,0.6198057243434157,80,0.01953125,0.01953125,0.2867608070373535,0.4025224447250366,0.7176251411437988,0.6696866154670715,0.05078125,0.6710926294326782,0.3881544768810272,1.7289318284441018,0.6153846383094788,12.118343646709736,0.6710926294326782,0.3881544768810272,1.7289318284441018
shift_position,0,10,0.891241429532166,0.9431864032120993,0.9161954671638847,0.32388322064741953,2,0,0.6198057243434157,160,0.0390625,0.0390625,0.23424267768859863,0.3356354534626007,0.6864570379257202,0.5211533308029175,0.09375,0.5058491826057434,0.3180271089076996,1.5905851056004006,0.8333333134651184,8.888888676961264,0.49995142221450806,0.3268449008464813,1.5296289491428678
change_width,0,10,0.891241429532166,0.9431864032120993,0.9161954671638847,0.32388322064741953,2,0,0.6198057243434157,160,0.0390625,0.0390625,0.13239717483520508,0.17640984058380127,0.3215683102607727,0.29531076550483704,0.08203125,0.2815248370170593,0.16701659560203552,1.6856099599100451,0.6190476417541504,7.546485537574405,0.28565695881843567,0.17056535184383392,1.674765453419738
change_intensity,0,10,0.891241429532166,0.9431864032120993,0.9161954671638847,0.32388322064741953,2,0,0.6198057243434157,80,0.01953125,0.01225490216165781,0.05266153812408447,0.07110796868801117,0.13331735134124756,0.11011789739131927,0.05078125,0.09903991967439651,0.06961366534233093,1.422708015550676,0.1538461595773697,3.029585911677434,0.09903991967439651,0.06961366534233093,1.422708015550676
no_change,5,10,0.891241429532166,0.9431864032120993,0.9161954671638847,0.32388322064741953,2,0,0.6198057243434157,0,0.0,0.0,0.0,1.7695128917694092e-08,2.980232238769531e-07,1.3984166002956044e-07,0.0,,1.7695128917694092e-08,,,,0.0,1.8641781451833594e-08,0.0
tiny_pixel_noise,5,10,0.891241429532166,0.9431864032120993,0.9161954671638847,0.32388322064741953,2,0,0.6198057243434157,1489,0.363525390625,0.0020038678776472807,0.023843705654144287,0.0865778848528862,0.4531490206718445,0.34849703311920166,1.0,0.0865778848528862,,,1.0,1.0,0.1467583328485489,0.08335835486650467,1.7605713678440145
pixel_matched_noise,5,10,0.891241429532166,0.9431864032120993,0.9161954671638847,0.32388322064741953,2,0,0.6198057243434157,2089,0.510009765625,0.0188907403498888,0.06471836566925049,0.18012870848178864,0.6350717544555664,0.5358269214630127,1.0,0.18012870848178864,,,1.0,1.0,0.3601570129394531,0.17049755156040192,2.1123881817848913
sparse_pixel_matched_noise,5,10,0.891241429532166,0.9431864032120993,0.9161954671638847,0.32388322064741953,2,0,0.6198057243434157,80,0.01953125,0.0188907403498888,0.1678023338317871,0.20986564457416534,0.6598122119903564,0.5247935652732849,0.2734375,0.2398868352174759,0.19856734573841095,1.2080880384708295,0.3571428656578064,1.3061224801199778,0.23410576581954956,0.20856884121894836,1.1224388285966138
add_stroke,5,10,0.891241429532166,0.9431864032120993,0.9161954671638847,0.32388322064741953,2,0,0.6198057243434157,80,0.01953125,0.0188907403498888,0.01715552806854248,0.05298035591840744,0.6570837497711182,0.311739444732666,0.05078125,0.3357878029346466,0.03785073757171631,8.871367494449082,0.5384615659713745,10.603550837590145,0.3357878029346466,0.03785073757171631,8.871367494449082
shift_position,5,10,0.891241429532166,0.9431864032120993,0.9161954671638847,0.32388322064741953,2,0,0.6198057243434157,160,0.0390625,0.03842198848724365,0.01591658592224121,0.03711429238319397,0.39498382806777954,0.21833881735801697,0.09375,0.21173226833343506,0.019050367176532745,11.114340546373201,0.8333333134651184,8.888888676961264,0.22912338376045227,0.026842202991247177,8.535938120845216
change_width,5,10,0.891241429532166,0.9431864032120993,0.9161954671638847,0.32388322064741953,2,0,0.6198057243434157,160,0.0390625,0.0377814806997776,0.02758580446243286,0.058881863951683044,0.4215351343154907,0.26131218671798706,0.08203125,0.2215222865343094,0.04434804245829582,4.995086011803686,0.6190476417541504,7.546485537574405,0.24306215345859528,0.04902860149741173,4.957558364609416
change_intensity,5,10,0.891241429532166,0.9431864032120993,0.9161954671638847,0.32388322064741953,2,0,0.6198057243434157,80,0.01953125,0.01225490216165781,0.005050361156463623,0.01547086052596569,0.1302037239074707,0.07226424664258957,0.05078125,0.06582360714673996,0.012777091935276985,5.151689248239961,0.4615384638309479,9.088757441594051,0.06582360714673996,0.012777091935276985,5.151689248239961
no_change,15,10,0.891241429532166,0.9431864032120993,0.9161954671638847,0.32388322064741953,2,0,0.6198057243434157,0,0.0,0.0,0.0,1.955777406692505e-08,2.384185791015625e-07,1.5818156384739268e-07,0.0,,1.955777406692505e-08,,,,1.833989138333436e-08,1.962292905943741e-08,0.9346153842672132
tiny_pixel_noise,15,10,0.891241429532166,0.9431864032120993,0.9161954671638847,0.32388322064741953,2,0,0.6198057243434157,1590,0.38818359375,0.0021484375465661287,0.011179566383361816,0.03463586047291756,0.3071928024291992,0.1595541536808014,1.0,0.03463586047291756,,,1.0,1.0,0.05455798655748367,0.0335700698196888,1.6251972918294466
pixel_matched_noise,15,10,0.891241429532166,0.9431864032120993,0.9161954671638847,0.32388322064741953,2,0,0.6198057243434157,2198,0.53662109375,0.01889265514910221,0.047597408294677734,0.10013137757778168,0.686508297920227,0.3342723250389099,1.0,0.10013137757778168,,,1.0,1.0,0.1783328652381897,0.0959477424621582,1.85864576551683
sparse_pixel_matched_noise,15,10,0.891241429532166,0.9431864032120993,0.9161954671638847,0.32388322064741953,2,0,0.6198057243434157,80,0.01953125,0.0188907403498888,0.05670785903930664,0.12338350713253021,0.7432297468185425,0.4664323031902313,0.26953125,0.1527416706085205,0.11255080997943878,1.3570908164625732,0.3478260934352875,1.2904852162236753,0.20216751098632812,0.1191687360405922,1.6964811216715787
add_stroke,15,10,0.891241429532166,0.9431864032120993,0.9161954671638847,0.32388322064741953,2,0,0.6198057243434157,80,0.01953125,0.0188907403498888,0.03502476215362549,0.06841762363910675,0.7215546369552612,0.37601572275161743,0.05078125,0.38472431898117065,0.051495861262083054,7.470975522152248,0.5384615659713745,10.603550837590145,0.38472431898117065,0.051495861262083054,7.470975522152248
shift_position,15,10,0.891241429532166,0.9431864032120993,0.9161954671638847,0.32388322064741953,2,0,0.6198057243434157,160,0.0390625,0.03842198848724365,0.03253281116485596,0.05634269863367081,0.6748206615447998,0.3053601384162903,0.09375,0.30046603083610535,0.031088557094335556,9.664843238763606,0.7916666865348816,8.44444465637207,0.31490084528923035,0.042510367929935455,7.407624554279139
change_width,15,10,0.891241429532166,0.9431864032120993,0.9161954671638847,0.32388322064741953,2,0,0.6198057243434157,160,0.0390625,0.0377814806997776,0.03988271951675415,0.07318253070116043,0.5760732293128967,0.37325334548950195,0.08203125,0.3060564696788788,0.0523725226521492,5.8438366948955665,0.6190476417541504,7.546485537574405,0.3504290282726288,0.05835041403770447,6.005596259286026
change_intensity,15,10,0.891241429532166,0.9431864032120993,0.9161954671638847,0.32388322064741953,2,0,0.6198057243434157,80,0.01953125,0.01225490216165781,0.02156209945678711,0.03537830710411072,0.23302102088928223,0.1556016355752945,0.05078125,0.1391744315624237,0.029825426638126373,4.666301449801042,0.5384615659713745,10.603550837590145,0.1391744315624237,0.029825426638126373,4.666301449801042
no_change,0,11,0.3257106769200025,0.14885271096055863,0.632801530366783,0.8539941982421406,2,0,0.7691094261263175,0,0.0,0.0,0.0,1.83936208486557e-08,2.980232238769531e-07,1.4901161193847656e-07,0.0,,1.83936208486557e-08,,,,1.8822518654815212e-08,1.835923590931543e-08,1.0252343151854546
tiny_pixel_noise,0,11,0.3257106769200025,0.14885271096055863,0.632801530366783,0.8539941982421406,2,0,0.7691094261263175,1442,0.35205078125,0.0019416359718888998,0.10080170631408691,0.2243879735469818,0.48697787523269653,0.3905099034309387,0.99609375,0.22399869561195374,0.3236532211303711,0.6920947513812155,0.9960784316062927,0.9999846215341606,0.2904411256313324,0.21909257769584656,1.3256547925349387
pixel_matched_noise,0,11,0.3257106769200025,0.14885271096055863,0.632801530366783,0.8539941982421406,2,0,0.7691094261263175,1969,0.480712890625,0.022418811917304993,0.3696969151496887,0.41331207752227783,0.6539280414581299,0.6052750945091248,1.0,0.41331207752227783,,,1.0,1.0,0.45463621616363525,0.40999919176101685,1.1088710058449012
sparse_pixel_matched_noise,0,11,0.3257106769200025,0.14885271096055863,0.632801530366783,0.8539941982421406,2,0,0.7691094261263175,92,0.0224609375,0.0224609375,0.5567514896392822,0.4663841128349304,0.771955132484436,0.7052195072174072,0.3046875,0.5073851943016052,0.4484173059463501,1.1315022582163905,0.43589743971824646,1.4306377508701422,0.4773327112197876,0.465506374835968,1.0254053156371636
add_stroke,0,11,0.3257106769200025,0.14885271096055863,0.632801530366783,0.8539941982421406,2,0,0.7691094261263175,92,0.0224609375,0.0224609375,0.441058874130249,0.455782413482666,0.8199838399887085,0.765751302242279,0.07421875,0.7650591731071472,0.4309881031513214,1.7751282866351703,0.6842105388641357,9.218836734169408,0.7650591731071472,0.4309881031513214,1.7751282866351703
shift_position,0,11,0.3257106769200025,0.14885271096055863,0.632801530366783,0.8539941982421406,2,0,0.7691094261263175,181,0.044189453125,0.044189453125,0.014507710933685303,0.09461255371570587,0.4159313440322876,0.3462240397930145,0.14453125,0.22958430647850037,0.07180909067392349,3.197148220703912,0.5135135054588318,3.552958308039485,0.26793915033340454,0.08071716874837875,3.3194815240442415
change_width,0,11,0.3257106769200025,0.14885271096055863,0.632801530366783,0.8539941982421406,2,0,0.7691094261263175,220,0.0537109375,0.0537109375,0.2593945264816284,0.1800631284713745,0.42793649435043335,0.3844602406024933,0.1171875,0.3618921637535095,0.15592654049396515,2.3209144678452986,0.8333333134651184,7.11111094156901,0.38952481746673584,0.16327084600925446,2.385758553885713
change_intensity,0,11,0.3257106769200025,0.14885271096055863,0.632801530366783,0.8539941982421406,2,0,0.7691094261263175,92,0.0224609375,0.014093137346208096,0.04096794128417969,0.03228263556957245,0.09454619884490967,0.06995287537574768,0.07421875,0.0755961537361145,0.02881024405360222,2.62393312585155,0.8421052694320679,11.346260472347861,0.0755961537361145,0.02881024405360222,2.62393312585155
no_change,5,11,0.3257106769200025,0.14885271096055863,0.632801530366783,0.8539941982421406,2,0,0.7691094261263175,0,0.0,0.0,0.0,1.862645149230957e-08,1.7881393432617188e-07,1.329642032033007e-07,0.0,,1.862645149230957e-08,,,,1.8822518654815212e-08,1.8610732510637717e-08,1.0113797855112066
tiny_pixel_noise,5,11,0.3257106769200025,0.14885271096055863,0.632801530366783,0.8539941982421406,2,0,0.7691094261263175,1507,0.367919921875,0.0020220589358359575,0.026742637157440186,0.11297700554132462,0.5017228126525879,0.38559597730636597,0.9921875,0.11322972923517227,0.08088177442550659,1.3999412109765057,0.9921259880065918,0.999938003660187,0.1596444845199585,0.1092357337474823,1.4614675897999179
pixel_matched_noise,5,11,0.3257106769200025,0.14885271096055863,0.632801530366783,0.8539941982421406,2,0,0.7691094261263175,2110,0.51513671875,0.020370902493596077,0.11028146743774414,0.23475918173789978,0.654417097568512,0.5847877264022827,1.0,0.23475918173789978,,,1.0,1.0,0.2726597487926483,0.23172074556350708,1.176673880146485
sparse_pixel_matched_noise,5,11,0.3257106769200025,0.14885271096055863,0.632801530366783,0.8539941982421406,2,0,0.7691094261263175,92,0.0224609375,0.02035941369831562,0.08723598718643188,0.194139301776886,0.6946935057640076,0.46958425641059875,0.31640625,0.23094460368156433,0.17710371315479279,1.3040076888716237,0.43209877610206604,1.365645514594184,0.18125545978546143,0.19517219066619873,0.9286951136161659
add_stroke,5,11,0.3257106769200025,0.14885271096055863,0.632801530366783,0.8539941982421406,2,0,0.7691094261263175,92,0.0224609375,0.02035941369831562,0.09632819890975952,0.15722456574440002,0.7267374992370605,0.5397428274154663,0.07421875,0.480994313955307,0.13126832246780396,3.664207060109875,0.6315789222717285,8.509694952713815,0.480994313955307,0.13126832246780396,3.664207060109875
shift_position,5,11,0.3257106769200025,0.14885271096055863,0.632801530366783,0.8539941982421406,2,0,0.7691094261263175,181,0.044189453125,0.040808822959661484,0.01876652240753174,0.09159545600414276,0.6521433591842651,0.4112548530101776,0.14453125,0.26149171590805054,0.06289151310920715,4.157821985519519,0.5405405163764954,3.7399560051995353,0.3128531873226166,0.07385749369859695,4.235903110919668
change_width,5,11,0.3257106769200025,0.14885271096055863,0.632801530366783,0.8539941982421406,2,0,0.7691094261263175,220,0.0537109375,0.04865483194589615,0.07687407732009888,0.10305998474359512,0.3652929663658142,0.31433308124542236,0.1171875,0.28788629174232483,0.07852552086114883,3.6661494070363947,0.7333333492279053,6.257777913411458,0.3109326660633087,0.08639508485794067,3.5989624476273727
change_intensity,5,11,0.3257106769200025,0.14885271096055863,0.632801530366783,0.8539941982421406,2,0,0.7691094261263175,92,0.0224609375,0.014093137346208096,0.04360151290893555,0.04936419427394867,0.14370954036712646,0.1042250320315361,0.07421875,0.09282253682613373,0.04588019475340843,2.0231504535895186,0.4736842215061188,6.382271616082442,0.09282253682613373,0.04588019475340843,2.0231504535895186
no_change,15,11,0.3257106769200025,0.14885271096055863,0.632801530366783,0.8539941982421406,2,0,0.7691094261263175,0,0.0,0.0,0.0,1.5832483768463135e-08,2.384185791015625e-07,1.329642032033007e-07,0.0,,1.5832483768463135e-08,,,,1.8822518654815212e-08,1.5592776847483947e-08,1.2071306374048711
tiny_pixel_noise,15,11,0.3257106769200025,0.14885271096055863,0.632801530366783,0.8539941982421406,2,0,0.7691094261263175,1654,0.40380859375,0.002178117400035262,0.011733055114746094,0.034597575664520264,0.4853038191795349,0.16965389251708984,1.0,0.034597575664520264,,,1.0,1.0,0.011043736711144447,0.036485858261585236,0.3026854029845321
pixel_matched_noise,15,11,0.3257106769200025,0.14885271096055863,0.632801530366783,0.8539941982421406,2,0,0.7691094261263175,2282,0.55712890625,0.012927964329719543,0.036395370960235596,0.07197330892086029,0.5287518501281738,0.2945050895214081,1.0,0.07197330892086029,,,1.0,1.0,0.041742295026779175,0.07439689338207245,0.561075780576046
sparse_pixel_matched_noise,15,11,0.3257106769200025,0.14885271096055863,0.632801530366783,0.8539941982421406,2,0,0.7691094261263175,92,0.0224609375,0.012951899319887161,0.04179471731185913,0.1187785267829895,0.7040760517120361,0.4423246383666992,0.3125,0.16612742841243744,0.09725631028413773,1.7081403553876384,0.4124999940395355,1.3199999809265137,0.07376501709222794,0.12238721549510956,0.6027183214669631
add_stroke,15,11,0.3257106769200025,0.14885271096055863,0.632801530366783,0.8539941982421406,2,0,0.7691094261263175,92,0.0224609375,0.012951899319887161,0.032828569412231445,0.05510431528091431,0.41074562072753906,0.21272757649421692,0.07421875,0.22829939424991608,0.041219476610422134,5.538629139026761,0.7368420958518982,9.927977712530838,0.22829939424991608,0.041219476610422134,5.538629139026761
shift_position,15,11,0.3257106769200025,0.14885271096055863,0.632801530366783,0.8539941982421406,2,0,0.7691094261263175,181,0.044189453125,0.02904028818011284,0.029806077480316162,0.0695372149348259,0.3872143030166626,0.30307403206825256,0.14453125,0.23740479350090027,0.04117602854967117,5.765606880093252,0.7837837934494019,5.422936516839105,0.22855542600154877,0.05678891763091087,4.024648391557711
change_width,15,11,0.3257106769200025,0.14885271096055863,0.632801530366783,0.8539941982421406,2,0,0.7691094261263175,220,0.0537109375,0.027315985411405563,0.06422990560531616,0.0897081196308136,0.6679946184158325,0.39511027932167053,0.1171875,0.3210754990577698,0.058995649218559265,5.442358941899119,0.7666666507720947,6.542222086588541,0.3607180118560791,0.06798160076141357,5.30611235710741
change_intensity,15,11,0.3257106769200025,0.14885271096055863,0.632801530366783,0.8539941982421406,2,0,0.7691094261263175,92,0.0224609375,0.014093137346208096,0.036944568157196045,0.03880176693201065,0.2725452780723572,0.14805755019187927,0.07421875,0.16413280367851257,0.028754128143191338,5.708147465336292,0.8947368264198303,12.055401450709292,0.16413280367851257,0.028754128143191338,5.708147465336292
no_change,0,12,0.8306206937170244,0.8359292194490057,0.5554990566201,0.07138135826178642,2,0,0.8125425202688431,0,0.0,0.0,0.0,1.83936208486557e-08,2.980232238769531e-07,1.4901161193847656e-07,0.0,,1.83936208486557e-08,,,,2.195960568940336e-08,1.8107739307993143e-08,1.2127193414867599
tiny_pixel_noise,0,12,0.8306206937170244,0.8359292194490057,0.5554990566201,0.07138135826178642,2,0,0.8125425202688431,1441,0.351806640625,0.0019483378855511546,0.09210824966430664,0.2164522111415863,0.4770481586456299,0.3858696222305298,1.0,0.2164522111415863,,,1.0,1.0,0.2742169499397278,0.2118212729692459,1.2945675667785315
pixel_matched_noise,0,12,0.8306206937170244,0.8359292194490057,0.5554990566201,0.07138135826178642,2,0,0.8125425202688431,1975,0.482177734375,0.024409275501966476,0.36854612827301025,0.4143112301826477,0.6674188375473022,0.6209444403648376,1.0,0.4143112301826477,,,1.0,1.0,0.4345037639141083,0.41269242763519287,1.0528513120628322
sparse_pixel_matched_noise,0,12,0.8306206937170244,0.8359292194490057,0.5554990566201,0.07138135826178642,2,0,0.8125425202688431,100,0.0244140625,0.0244140625,0.5676500797271729,0.48358383774757385,0.7422136664390564,0.6976789236068726,0.33984375,0.5370900630950928,0.456039160490036,1.177727944499248,0.48275861144065857,1.4205310865380298,0.4237733781337738,0.48837876319885254,0.8677145897132847
add_stroke,0,12,0.8306206937170244,0.8359292194490057,0.5554990566201,0.07138135826178642,2,0,0.8125425202688431,100,0.0244140625,0.0244140625,0.5265318751335144,0.4896268844604492,0.8218566179275513,0.7775484323501587,0.07421875,0.7738553285598755,0.46684062480926514,1.6576435028036514,0.6315789222717285,8.509694952713815,0.7738553285598755,0.46684062480926514,1.6576435028036514
shift_position,0,12,0.8306206937170244,0.8359292194490057,0.5554990566201,0.07138135826178642,2,0,0.8125425202688431,197,0.048095703125,0.048095703125,0.012623310089111328,0.0821920856833458,0.6029708981513977,0.364637166261673,0.15625,0.20392799377441406,0.059648409485816956,3.418833721340106,0.5,3.2,0.31111475825309753,0.0638396367430687,4.8733792064829755
change_width,0,12,0.8306206937170244,0.8359292194490057,0.5554990566201,0.07138135826178642,2,0,0.8125425202688431,232,0.056640625,0.056640625,0.29744458198547363,0.20519962906837463,0.45586228370666504,0.42265480756759644,0.125,0.3857167363166809,0.17941148579120636,2.1498999053247143,0.71875,5.75,0.3799108564853668,0.19119326770305634,1.9870514325609474
change_intensity,0,12,0.8306206937170244,0.8359292194490057,0.5554990566201,0.07138135826178642,2,0,0.8125425202688431,100,0.0244140625,0.015318627469241619,0.053719162940979004,0.04377654194831848,0.08050113916397095,0.0666201189160347,0.07421875,0.06301800906658173,0.04223397746682167,1.4921163680614182,0.5789473652839661,7.800553974352385,0.06301800906658173,0.04223397746682167,1.4921163680614182
no_change,5,12,0.8306206937170244,0.8359292194490057,0.5554990566201,0.07138135826178642,2,0,0.8125425202688431,0,0.0,0.0,0.0,2.0023435354232788e-08,3.5762786865234375e-07,1.5359658789293462e-07,0.0,,2.0023435354232788e-08,,,,4.705630018975171e-08,1.7856244483027695e-08,2.635285389068154
tiny_pixel_noise,5,12,0.8306206937170244,0.8359292194490057,0.5554990566201,0.07138135826178642,2,0,0.8125425202688431,1554,0.37939453125,0.0021178002934902906,0.029328465461730957,0.06878005713224411,0.5417873859405518,0.29203885793685913,1.0,0.06878005713224411,,,1.0,1.0,0.09544534236192703,0.06664232909679413,1.4322029805305603
pixel_matched_noise,5,12,0.8306206937170244,0.8359292194490057,0.5554990566201,0.07138135826178642,2,0,0.8125425202688431,2148,0.5244140625,0.02305932156741619,0.125496506690979,0.16413530707359314,0.668412446975708,0.5227175951004028,1.0,0.16413530707359314,,,1.0,1.0,0.2128988355398178,0.1602260023355484,1.328740856268516
sparse_pixel_matched_noise,5,12,0.8306206937170244,0.8359292194490057,0.5554990566201,0.07138135826178642,2,0,0.8125425202688431,100,0.0244140625,0.023076554760336876,0.0541766881942749,0.12442672252655029,0.5834616422653198,0.4110306203365326,0.31640625,0.13726820051670074,0.11848294734954834,1.158548158932375,0.395061731338501,1.2485901632426697,0.12392271310091019,0.12446713447570801,0.9956259828982881
add_stroke,5,12,0.8306206937170244,0.8359292194490057,0.5554990566201,0.07138135826178642,2,0,0.8125425202688431,100,0.0244140625,0.023076554760336876,0.03597819805145264,0.08365003764629364,0.7214068174362183,0.3742689788341522,0.07421875,0.340751975774765,0.06303849816322327,5.4054583421779565,0.6315789222717285,8.509694952713815,0.340751975774765,0.06303849816322327,5.4054583421779565
shift_position,5,12,0.8306206937170244,0.8359292194490057,0.5554990566201,0.07138135826178642,2,0,0.8125425202688431,197,0.048095703125,0.04529909789562225,0.013781189918518066,0.0844622552394867,0.5945049524307251,0.3880637288093567,0.15625,0.26047396659851074,0.051867492496967316,5.021911684158254,0.625,4.0,0.29119622707366943,0.06788864731788635,4.28932138992478
change_width,5,12,0.8306206937170244,0.8359292194490057,0.5554990566201,0.07138135826178642,2,0,0.8125425202688431,232,0.056640625,0.05396560952067375,0.05047047138214111,0.08578069508075714,0.3267033100128174,0.28846275806427,0.125,0.2491644024848938,0.062440175563097,3.99045006260606,0.6875,5.5,0.23857183754444122,0.0735316202044487,3.244479543373471
change_intensity,5,12,0.8306206937170244,0.8359292194490057,0.5554990566201,0.07138135826178642,2,0,0.8125425202688431,100,0.0244140625,0.015318627469241619,0.021219909191131592,0.026741161942481995,0.13719189167022705,0.09819739311933517,0.07421875,0.09394858032464981,0.02135322615504265,4.399737053431783,0.7368420958518982,9.927977712530838,0.09394858032464981,0.02135322615504265,4.399737053431783
no_change,15,12,0.8306206937170244,0.8359292194490057,0.5554990566201,0.07138135826178642,2,0,0.8125425202688431,0,0.0,0.0,0.0,1.257285475730896e-08,1.7881393432617188e-07,1.1003934474729249e-07,0.0,,1.257285475730896e-08,,,,1.2548346361995755e-08,1.2574819407973337e-08,0.9978947573624162
tiny_pixel_noise,15,12,0.8306206937170244,0.8359292194490057,0.5554990566201,0.07138135826178642,2,0,0.8125425202688431,1651,0.403076171875,0.0022460937034338713,0.00833052396774292,0.03119649924337864,0.33027875423431396,0.14193426072597504,1.0,0.03119649924337864,,,1.0,1.0,0.06787556409835815,0.02825598604977131,2.4021658270498585
pixel_matched_noise,15,12,0.8306206937170244,0.8359292194490057,0.5554990566201,0.07138135826178642,2,0,0.8125425202688431,2351,0.573974609375,0.021454695612192154,0.02876877784729004,0.07206457853317261,0.5283555388450623,0.28827887773513794,1.0,0.07206457853317261,,,1.0,1.0,0.07741118222475052,0.07163593918085098,1.0806193526592769
sparse_pixel_matched_noise,15,12,0.8306206937170244,0.8359292194490057,0.5554990566201,0.07138135826178642,2,0,0.8125425202688431,100,0.0244140625,0.021432675421237946,0.052317798137664795,0.12105342745780945,0.7314319610595703,0.4197644889354706,0.328125,0.1462980955839157,0.10872463881969452,1.3455836429728851,0.4523809552192688,1.378684815906343,0.1237032413482666,0.12084098160266876,1.0236861676199311
add_stroke,15,12,0.8306206937170244,0.8359292194490057,0.5554990566201,0.07138135826178642,2,0,0.8125425202688431,100,0.0244140625,0.021432675421237946,0.023650944232940674,0.06814932823181152,0.7718773484230042,0.37226173281669617,0.07421875,0.30351337790489197,0.049280472099781036,6.158897530249929,0.5263158082962036,7.091412995990954,0.30351337790489197,0.049280472099781036,6.158897530249929
shift_position,15,12,0.8306206937170244,0.8359292194490057,0.5554990566201,0.07138135826178642,2,0,0.8125425202688431,197,0.048095703125,0.04146465286612511,0.009647071361541748,0.07327006012201309,0.6177957057952881,0.40237918496131897,0.15625,0.24709203839302063,0.04108081012964249,6.014780078904228,0.6499999761581421,4.159999847412109,0.24799413979053497,0.05926264077425003,4.184662319305384
change_width,15,12,0.8306206937170244,0.8359292194490057,0.5554990566201,0.07138135826178642,2,0,0.8125425202688431,232,0.056640625,0.04873047024011612,0.044843196868896484,0.07939758151769638,0.43304383754730225,0.34461894631385803,0.125,0.2793709933757782,0.05082995072007179,5.496188554545654,0.75,6.0,0.27183789014816284,0.06396988034248352,4.249466916192284
change_intensity,15,12,0.8306206937170244,0.8359292194490057,0.5554990566201,0.07138135826178642,2,0,0.8125425202688431,100,0.0244140625,0.015318627469241619,0.017646431922912598,0.02998276799917221,0.20518654584884644,0.12967166304588318,0.07421875,0.10805762559175491,0.023723598569631577,4.554858120474133,0.5263158082962036,7.091412995990954,0.10805762559175491,0.023723598569631577,4.554858120474133
no_change,0,13,0.7645918248095666,0.7703338884126103,0.1430169090271478,0.6470483494828718,2,0,0.6336834383500306,0,0.0,0.0,0.0,1.83936208486557e-08,2.980232238769531e-07,1.4901161193847656e-07,0.0,,1.83936208486557e-08,,,,3.209481036492434e-08,1.7660635620586618e-08,1.817307771613391
tiny_pixel_noise,0,13,0.7645918248095666,0.7703338884126103,0.1430169090271478,0.6470483494828718,2,0,0.6336834383500306,1398,0.34130859375,0.001915785833261907,0.09269070625305176,0.2193257063627243,0.46118974685668945,0.4000294804573059,0.99609375,0.21922552585601807,0.24487388134002686,0.8952589171876848,0.9960784316062927,0.9999846215341606,0.2867763638496399,0.21571724116802216,1.329408638349263
pixel_matched_noise,0,13,0.7645918248095666,0.7703338884126103,0.1430169090271478,0.6470483494828718,2,0,0.6336834383500306,1937,0.472900390625,0.01171875,0.2457561492919922,0.3554063141345978,0.6177678108215332,0.5656642317771912,1.0,0.3554063141345978,,,1.0,1.0,0.4042418599128723,0.35279369354248047,1.1458307427601364
sparse_pixel_matched_noise,0,13,0.7645918248095666,0.7703338884126103,0.1430169090271478,0.6470483494828718,2,0,0.6336834383500306,48,0.01171875,0.01171875,0.5361437797546387,0.453278124332428,0.7652407288551331,0.7179164290428162,0.1796875,0.5475067496299744,0.4326375722885132,1.2655090188626945,0.3913043439388275,2.177693740181301,0.38219577074050903,0.4570808708667755,0.8361666284912346
add_stroke,0,13,0.7645918248095666,0.7703338884126103,0.1430169090271478,0.6470483494828718,2,0,0.6336834383500306,48,0.01171875,0.01171875,0.3458489775657654,0.3440367579460144,0.7802177667617798,0.7256084084510803,0.05078125,0.7318210005760193,0.3232910931110382,2.2636596434924563,0.6153846383094788,12.118343646709736,0.7318210005760193,0.3232910931110382,2.2636596434924563
shift_position,0,13,0.7645918248095666,0.7703338884126103,0.1430169090271478,0.6470483494828718,2,0,0.6336834383500306,96,0.0234375,0.0234375,0.0030208826065063477,0.06652641296386719,0.543762743473053,0.31013965606689453,0.1015625,0.18299500644207,0.05336039885878563,3.429416015542778,0.3076923191547394,3.029585911677434,0.13816775381565094,0.062693752348423,2.203852036926713
change_width,0,13,0.7645918248095666,0.7703338884126103,0.1430169090271478,0.6470483494828718,2,0,0.6336834383500306,128,0.03125,0.03125,0.09475034475326538,0.1015843003988266,0.2672259211540222,0.2098248302936554,0.0859375,0.19297999143600464,0.09299154579639435,2.075242322119644,0.5909090638160706,6.876032742587003,0.19659782946109772,0.09650126099586487,2.0372565853779054
change_intensity,0,13,0.7645918248095666,0.7703338884126103,0.1430169090271478,0.6470483494828718,2,0,0.6336834383500306,48,0.01171875,0.007352941203862429,0.030539274215698242,0.029021751135587692,0.051264166831970215,0.043726738542318344,0.05078125,0.04328793287277222,0.028258539736270905,1.5318531416260877,0.6153846383094788,12.118343646709736,0.04328793287277222,0.028258539736270905,1.5318531416260877
no_change,5,13,0.7645918248095666,0.7703338884126103,0.1430169090271478,0.6470483494828718,2,0,0.6336834383500306,0,0.0,0.0,0.0,1.5832483768463135e-08,2.384185791015625e-07,1.237942655052393e-07,0.0,,1.5832483768463135e-08,,,,4.58497284583359e-09,1.6434203331527897e-08,0.27898966279902554
tiny_pixel_noise,5,13,0.7645918248095666,0.7703338884126103,0.1430169090271478,0.6470483494828718,2,0,0.6336834383500306,1575,0.384521484375,0.0021407781168818474,0.03932219743728638,0.08517539501190186,0.4534648656845093,0.3193676173686981,0.99609375,0.0853223130106926,0.047712087631225586,1.7882745703806235,0.9960784316062927,0.9999846215341606,0.03440533205866814,0.08789150416851044,0.39145230684304066
pixel_matched_noise,5,13,0.7645918248095666,0.7703338884126103,0.1430169090271478,0.6470483494828718,2,0,0.6336834383500306,2096,0.51171875,0.010420496575534344,0.06216442584991455,0.12277345359325409,0.5078893899917603,0.4059026837348938,1.0,0.12277345359325409,,,1.0,1.0,0.045133110135793686,0.12692704796791077,0.3555830759351157
sparse_pixel_matched_noise,5,13,0.7645918248095666,0.7703338884126103,0.1430169090271478,0.6470483494828718,2,0,0.6336834383500306,48,0.01171875,0.010438687168061733,0.04151684045791626,0.11614911258220673,0.5289690494537354,0.4163281321525574,0.171875,0.18525190651416779,0.10180702805519104,1.8196377013749983,0.3863636255264282,2.2479338212446733,0.09796459972858429,0.11712194234132767,0.8364325059013001
add_stroke,5,13,0.7645918248095666,0.7703338884126103,0.1430169090271478,0.6470483494828718,2,0,0.6336834383500306,48,0.01171875,0.010438687168061733,0.026542961597442627,0.05868256464600563,0.4063771367073059,0.21763207018375397,0.05078125,0.21141058206558228,0.050511930137872696,4.185359408926475,0.6153846383094788,12.118343646709736,0.21141058206558228,0.050511930137872696,4.185359408926475
shift_position,5,13,0.7645918248095666,0.7703338884126103,0.1430169090271478,0.6470483494828718,2,0,0.6336834383500306,96,0.0234375,0.019414445385336876,0.08077853918075562,0.09133066236972809,0.4657583236694336,0.3162873089313507,0.1015625,0.2519027888774872,0.07317902892827988,3.4422811093102643,0.5769230723381042,5.680473327636719,0.27783477306365967,0.0813530832529068,3.4151720125952627
change_width,5,13,0.7645918248095666,0.7703338884126103,0.1430169090271478,0.6470483494828718,2,0,0.6336834383500306,128,0.03125,0.028872741386294365,0.018061339855194092,0.03936094418168068,0.2585330009460449,0.16829119622707367,0.0859375,0.15123766660690308,0.02884262055158615,5.24354804503317,0.7272727489471436,8.462810169566762,0.15881465375423431,0.03297041729092598,4.8168833397793485
change_intensity,5,13,0.7645918248095666,0.7703338884126103,0.1430169090271478,0.6470483494828718,2,0,0.6336834383500306,48,0.01171875,0.007352941203862429,0.016476750373840332,0.02353377267718315,0.38571858406066895,0.09879973530769348,0.05078125,0.10087147355079651,0.01939636841416359,5.200534007032898,0.5384615659713745,10.603550837590145,0.10087147355079651,0.01939636841416359,5.200534007032898
no_change,15,13,0.7645918248095666,0.7703338884126103,0.1430169090271478,0.6470483494828718,2,0,0.6336834383500306,0,0.0,0.0,0.0,1.6996636986732483e-08,2.384185791015625e-07,1.2837924145969737e-07,0.0,,1.6996636986732483e-08,,,,4.12647551684131e-08,1.5698342181735825e-08,2.6286059184276427
tiny_pixel_noise,15,13,0.7645918248095666,0.7703338884126103,0.1430169090271478,0.6470483494828718,2,0,0.6336834383500306,1648,0.40234375,0.0022355623077601194,0.011564254760742188,0.02042105607688427,0.2261350154876709,0.07952748984098434,1.0,0.02042105607688427,,,1.0,1.0,0.024436812847852707,0.02020622231066227,1.2093706815725802
pixel_matched_noise,15,13,0.7645918248095666,0.7703338884126103,0.1430169090271478,0.6470483494828718,2,0,0.6336834383500306,2207,0.538818359375,0.008092065341770649,0.01917499303817749,0.040229685604572296,0.2911056876182556,0.1640387922525406,1.0,0.040229685604572296,,,1.0,1.0,0.050957951694726944,0.03965574875473976,1.2850079318862013
sparse_pixel_matched_noise,15,13,0.7645918248095666,0.7703338884126103,0.1430169090271478,0.6470483494828718,2,0,0.6336834383500306,48,0.01171875,0.00812461692839861,0.029214859008789062,0.06476452201604843,0.4332231283187866,0.2724929749965668,0.17578125,0.08139676600694656,0.06121736392378807,1.3296352666913367,0.2222222238779068,1.264197540283203,0.05837204307317734,0.06510651111602783,0.8965622957303173
add_stroke,15,13,0.7645918248095666,0.7703338884126103,0.1430169090271478,0.6470483494828718,2,0,0.6336834383500306,48,0.01171875,0.00812461692839861,0.02756667137145996,0.05442254990339279,0.5264798998832703,0.25100404024124146,0.05078125,0.22507040202617645,0.04529324173927307,4.969182893151615,0.38461539149284363,7.573964632474459,0.22507040202617645,0.04529324173927307,4.969182893151615
shift_position,15,13,0.7645918248095666,0.7703338884126103,0.1430169090271478,0.6470483494828718,2,0,0.6336834383500306,90,0.02197265625,0.016918467357754707,0.020242154598236084,0.05489235371351242,0.578056812286377,0.28983935713768005,0.09765625,0.20476363599300385,0.038672517985105515,5.294810026899912,0.5600000023841858,5.734400024414063,0.21470484137535095,0.04634271562099457,4.632979282683286
change_width,15,13,0.7645918248095666,0.7703338884126103,0.1430169090271478,0.6470483494828718,2,0,0.6336834383500306,128,0.03125,0.022539446130394936,0.020234107971191406,0.03727756440639496,0.3061107397079468,0.18349751830101013,0.0859375,0.17047373950481415,0.0247548446059227,6.88647988782073,0.6818181872367859,7.933884360573509,0.16075478494167328,0.030671782791614532,5.241129478317204
change_intensity,15,13,0.7645918248095666,0.7703338884126103,0.1430169090271478,0.6470483494828718,2,0,0.6336834383500306,48,0.01171875,0.007352941203862429,0.01374506950378418,0.02638067491352558,0.29131633043289185,0.12290950864553452,0.05078125,0.13497035205364227,0.020571349188685417,6.561084098843561,0.6153846383094788,12.118343646709736,0.13497035205364227,0.020571349188685417,6.561084098843561
no_change,0,14,0.5471201598679624,0.8935755601622425,0.34915639398594034,0.25743540041462565,2,0,0.6662311576667032,0,0.0,0.0,0.0,1.83936208486557e-08,2.980232238769531e-07,1.4901161193847656e-07,0.0,,1.83936208486557e-08,,,,3.725290298461914e-09,1.9371508841459217e-08,0.1923076993614967
tiny_pixel_noise,0,14,0.5471201598679624,0.8935755601622425,0.34915639398594034,0.25743540041462565,2,0,0.6662311576667032,1418,0.34619140625,0.0019071691203862429,0.09476590156555176,0.2189265489578247,0.451374888420105,0.39326125383377075,1.0,0.2189265489578247,,,1.0,1.0,0.2995399832725525,0.2135523110628128,1.402653906116932
pixel_matched_noise,0,14,0.5471201598679624,0.8935755601622425,0.34915639398594034,0.25743540041462565,2,0,0.6662311576667032,1980,0.4833984375,0.01903052255511284,0.3353782892227173,0.4191334843635559,0.6947983503341675,0.626388669013977,1.0,0.4191334843635559,,,1.0,1.0,0.48090168833732605,0.4150156080722809,1.1587556684219216
sparse_pixel_matched_noise,0,14,0.5471201598679624,0.8935755601622425,0.34915639398594034,0.25743540041462565,2,0,0.6662311576667032,78,0.01904296875,0.01904296875,0.5762388706207275,0.4890981912612915,0.7742222547531128,0.7234547138214111,0.2734375,0.5353344678878784,0.47169744968414307,1.1349106683666572,0.44285714626312256,1.6195918491908483,0.4898967742919922,0.48904499411582947,1.0017417214906834
add_stroke,0,14,0.5471201598679624,0.8935755601622425,0.34915639398594034,0.25743540041462565,2,0,0.6662311576667032,78,0.01904296875,0.01904296875,0.4458312392234802,0.4379225969314575,0.7712442874908447,0.7274488806724548,0.0625,0.7367324233055115,0.4180019497871399,1.762509537768136,0.8125,13.0,0.7367324233055115,0.4180019497871399,1.762509537768136
shift_position,0,14,0.5471201598679624,0.8935755601622425,0.34915639398594034,0.25743540041462565,2,0,0.6662311576667032,162,0.03955078125,0.03955078125,0.00736236572265625,0.08092932403087616,0.5240089297294617,0.3204646408557892,0.1328125,0.21202953159809113,0.06085091829299927,3.484409727017785,0.44117647409439087,3.3217993343577668,0.2213856428861618,0.07156557589769363,3.0934655399495843
change_width,0,14,0.5471201598679624,0.8935755601622425,0.34915639398594034,0.25743540041462565,2,0,0.6662311576667032,182,0.04443359375,0.04443359375,0.24935007095336914,0.18670858442783356,0.44042110443115234,0.402137815952301,0.1015625,0.38975322246551514,0.16375569999217987,2.3800895021310877,0.7692307829856873,7.573964632474459,0.41339415311813354,0.1715962141752243,2.409109985934765
change_intensity,0,14,0.5471201598679624,0.8935755601622425,0.34915639398594034,0.25743540041462565,2,0,0.6662311576667032,78,0.01904296875,0.01194852963089943,0.03159332275390625,0.02494996041059494,0.05680394172668457,0.04307892173528671,0.0625,0.046505607664585114,0.02351291850209236,1.9778747440666153,0.8125,13.0,0.046505607664585114,0.02351291850209236,1.9778747440666153
no_change,5,14,0.5471201598679624,0.8935755601622425,0.34915639398594034,0.25743540041462565,2,0,0.6662311576667032,0,0.0,0.0,1.1920928955078125e-07,1.5133991837501526e-08,2.980232238769531e-07,1.2837924145969737e-07,0.0,,1.5133991837501526e-08,,,,3.973643192267673e-09,1.582862019233744e-08,0.2510416665497663
tiny_pixel_noise,5,14,0.5471201598679624,0.8935755601622425,0.34915639398594034,0.25743540041462565,2,0,0.6662311576667032,1518,0.37060546875,0.0020440793596208096,0.017729580402374268,0.0698845386505127,0.43416911363601685,0.29963308572769165,1.0,0.0698845386505127,,,1.0,1.0,0.028092198073863983,0.07248572260141373,0.38755491517050955
pixel_matched_noise,5,14,0.5471201598679624,0.8935755601622425,0.34915639398594034,0.25743540041462565,2,0,0.6662311576667032,2098,0.51220703125,0.013672832399606705,0.04943037033081055,0.13128072023391724,0.5886515974998474,0.4825596809387207,1.0,0.13128072023391724,,,1.0,1.0,0.052171386778354645,0.1362045258283615,0.38303710145504677
sparse_pixel_matched_noise,5,14,0.5471201598679624,0.8935755601622425,0.34915639398594034,0.25743540041462565,2,0,0.6662311576667032,68,0.0166015625,0.013675704598426819,0.07268255949020386,0.14887161552906036,0.6898146271705627,0.44617077708244324,0.23828125,0.19703228771686554,0.13380596041679382,1.4725225027579283,0.39344263076782227,1.6511690733862705,0.12537916004657745,0.15033377707004547,0.8340052547749077
add_stroke,5,14,0.5471201598679624,0.8935755601622425,0.34915639398594034,0.25743540041462565,2,0,0.6662311576667032,68,0.0166015625,0.013675704598426819,0.03362679481506348,0.06234564632177353,0.5046939849853516,0.26211097836494446,0.05859375,0.26311442255973816,0.04984965920448303,5.278158903362693,0.6000000238418579,10.240000406901041,0.26311442255973816,0.04984965920448303,5.278158903362693
shift_position,5,14,0.5471201598679624,0.8935755601622425,0.34915639398594034,0.25743540041462565,2,0,0.6662311576667032,141,0.034423828125,0.02985217608511448,0.02710646390914917,0.08110593259334564,0.5292490720748901,0.37401020526885986,0.12109375,0.2832948565483093,0.05324879288673401,5.3202118055691585,0.6451612710952759,5.327783400012601,0.23735015094280243,0.07138118147850037,3.3251081871528148
change_width,5,14,0.5471201598679624,0.8935755601622425,0.34915639398594034,0.25743540041462565,2,0,0.6662311576667032,160,0.0390625,0.03247931972146034,0.0280686616897583,0.06057428941130638,0.39971840381622314,0.2968824505805969,0.09765625,0.26823219656944275,0.03810048848390579,7.040124870912035,0.7200000286102295,7.37280029296875,0.3282351791858673,0.04391489923000336,7.474346632716666
change_intensity,5,14,0.5471201598679624,0.8935755601622425,0.34915639398594034,0.25743540041462565,2,0,0.6662311576667032,78,0.01904296875,0.01194852963089943,0.038819313049316406,0.03487008810043335,0.19505667686462402,0.11523778736591339,0.0625,0.12706319987773895,0.028723884373903275,4.423607831856496,0.8125,13.0,0.12253031134605408,0.029414059594273567,4.165705551569247
no_change,15,14,0.5471201598679624,0.8935755601622425,0.34915639398594034,0.25743540041462565,2,0,0.6662311576667032,0,0.0,0.0,0.0,1.6530975699424744e-08,3.5762786865234375e-07,1.2608674637704098e-07,0.0,,1.6530975699424744e-08,,,,1.277242400732348e-08,1.674841243470837e-08,0.762605056277137
tiny_pixel_noise,15,14,0.5471201598679624,0.8935755601622425,0.34915639398594034,0.25743540041462565,2,0,0.6662311576667032,1794,0.43798828125,0.0024490656796842813,0.010294318199157715,0.020058684051036835,0.23933660984039307,0.09283141791820526,1.0,0.020058684051036835,,,1.0,1.0,0.011862797662615776,0.020532825961709023,0.5777479283532773
pixel_matched_noise,15,14,0.5471201598679624,0.8935755601622425,0.34915639398594034,0.25743540041462565,2,0,0.6662311576667032,2332,0.5693359375,0.010778569616377354,0.018233180046081543,0.036874137818813324,0.5807161331176758,0.15986011922359467,1.0,0.036874137818813324,,,1.0,1.0,0.030578086152672768,0.03723837435245514,0.8211444963535779
sparse_pixel_matched_noise,15,14,0.5471201598679624,0.8935755601622425,0.34915639398594034,0.25743540041462565,2,0,0.6662311576667032,66,0.01611328125,0.010784314014017582,0.02832096815109253,0.07601291686296463,0.7334741950035095,0.310665488243103,0.2265625,0.08161791414022446,0.07437104731798172,1.097442043423941,0.3103448152542114,1.3697978052599677,0.04350109025835991,0.07789377123117447,0.5584668654603541
add_stroke,15,14,0.5471201598679624,0.8935755601622425,0.34915639398594034,0.25743540041462565,2,0,0.6662311576667032,66,0.01611328125,0.010784314014017582,0.020659446716308594,0.039868973195552826,0.6716611385345459,0.19861800968647003,0.0546875,0.21927444636821747,0.029490148648619652,7.4355151267940816,0.6428571343421936,11.755101885114398,0.21927444636821747,0.029490148648619652,7.4355151267940816
shift_position,15,14,0.5471201598679624,0.8935755601622425,0.34915639398594034,0.25743540041462565,2,0,0.6662311576667032,126,0.03076171875,0.020409198477864265,0.01779353618621826,0.0482184924185276,0.6625852584838867,0.2444780170917511,0.109375,0.18843354284763336,0.03099910356104374,6.078677161633664,0.7142857313156128,6.530612400599888,0.21371544897556305,0.03864428773522377,5.530324441217846
change_width,15,14,0.5471201598679624,0.8935755601622425,0.34915639398594034,0.25743540041462565,2,0,0.6662311576667032,153,0.037353515625,0.024992341175675392,0.043489158153533936,0.058864980936050415,0.4718979597091675,0.24959507584571838,0.09765625,0.22893832623958588,0.04045876860618591,5.658558926199809,0.6800000071525574,6.963200073242188,0.30653342604637146,0.044537052512168884,6.8826608128729925
change_intensity,15,14,0.5471201598679624,0.8935755601622425,0.34915639398594034,0.25743540041462565,2,0,0.6662311576667032,78,0.01904296875,0.01194852963089943,0.030875205993652344,0.03547683358192444,0.27513325214385986,0.14482830464839935,0.0625,0.1796461045742035,0.025865554809570312,6.945379903768159,0.875,14.0,0.18279500305652618,0.026954300701618195,6.7816637159335444
no_change,0,15,0.07365455501395618,0.13152915798241738,0.591384212925688,0.16495633036401183,2,0,0.5188076469509945,0,0.0,0.0,0.0,1.83936208486557e-08,2.980232238769531e-07,1.4901161193847656e-07,0.0,,1.83936208486557e-08,,,,1.3245476715439963e-08,1.8581205907253207e-08,0.7128426853216006
tiny_pixel_noise,0,15,0.07365455501395618,0.13152915798241738,0.591384212925688,0.16495633036401183,2,0,0.5188076469509945,1429,0.348876953125,0.0019703584257513285,0.08534371852874756,0.22170120477676392,0.4485591650009155,0.3970959484577179,1.0,0.22170120477676392,,,1.0,1.0,0.2435251921415329,0.22090598940849304,1.102392890267964
pixel_matched_noise,0,15,0.07365455501395618,0.13152915798241738,0.591384212925688,0.16495633036401183,2,0,0.5188076469509945,1864,0.455078125,0.008802466094493866,0.159673810005188,0.2978741526603699,0.5385182499885559,0.5018272995948792,1.0,0.2978741526603699,,,1.0,1.0,0.3131784498691559,0.2973165214061737,1.0533503095891288
sparse_pixel_matched_noise,0,15,0.07365455501395618,0.13152915798241738,0.591384212925688,0.16495633036401183,2,0,0.5188076469509945,36,0.0087890625,0.0087890625,0.524355947971344,0.42534032464027405,0.7634232640266418,0.7034069299697876,0.125,0.5779881477355957,0.4035334587097168,1.4323177800019142,0.40625,3.25,0.3083967864513397,0.42960137128829956,0.7178673232036284
add_stroke,0,15,0.07365455501395618,0.13152915798241738,0.591384212925688,0.16495633036401183,2,0,0.5188076469509945,36,0.0087890625,0.0087890625,0.2671508193016052,0.30769312381744385,0.7868306636810303,0.7368479371070862,0.03515625,0.7573758363723755,0.2913079559803009,2.5999146979136794,0.5555555820465088,15.802469889322916,0.7573758363723755,0.2913079559803009,2.5999146979136794
shift_position,0,15,0.07365455501395618,0.13152915798241738,0.591384212925688,0.16495633036401183,2,0,0.5188076469509945,72,0.017578125,0.017578125,0.009835958480834961,0.03364923596382141,0.4958308935165405,0.17056941986083984,0.07421875,0.07683248817920685,0.03018728829920292,2.5451934409502948,0.2631579041481018,3.545706497995477,0.10481730848550797,0.03105606883764267,3.375099051766018
change_width,0,15,0.07365455501395618,0.13152915798241738,0.591384212925688,0.16495633036401183,2,0,0.5188076469509945,102,0.02490234375,0.02490234375,0.06486731767654419,0.0967392772436142,0.3886755108833313,0.20794998109340668,0.05859375,0.19202670454978943,0.09080851823091507,2.114633167578935,0.46666666865348816,7.964444478352864,0.18372146785259247,0.09356988221406937,1.9634679824890036
change_intensity,0,15,0.07365455501395618,0.13152915798241738,0.591384212925688,0.16495633036401183,2,0,0.5188076469509945,36,0.0087890625,0.005514706019312143,0.01916450262069702,0.017883937805891037,0.09757304191589355,0.03912223130464554,0.03515625,0.03002197854220867,0.017441660165786743,1.7212798699689873,0.0,0.0,0.03002197854220867,0.017441660165786743,1.7212798699689873
no_change,5,15,0.07365455501395618,0.13152915798241738,0.591384212925688,0.16495633036401183,2,0,0.5188076469509945,0,0.0,0.0,0.0,1.909211277961731e-08,2.980232238769531e-07,1.3754917915775877e-07,0.0,,1.909211277961731e-08,,,,3.973643103449831e-08,1.833989138333436e-08,2.1666666505237426
tiny_pixel_noise,5,15,0.07365455501395618,0.13152915798241738,0.591384212925688,0.16495633036401183,2,0,0.5188076469509945,1482,0.36181640625,0.0019856770522892475,0.02690708637237549,0.07623916864395142,0.441880464553833,0.30383339524269104,1.0,0.07623916864395142,,,1.0,1.0,0.08429455012083054,0.0759456604719162,1.1099324121620044
pixel_matched_noise,5,15,0.07365455501395618,0.13152915798241738,0.591384212925688,0.16495633036401183,2,0,0.5188076469509945,2023,0.493896484375,0.00877278670668602,0.03660398721694946,0.09109872579574585,0.5181901454925537,0.36640724539756775,1.0,0.09109872579574585,,,1.0,1.0,0.08330556005239487,0.09138268232345581,0.9116121122110273
sparse_pixel_matched_noise,5,15,0.07365455501395618,0.13152915798241738,0.591384212925688,0.16495633036401183,2,0,0.5188076469509945,36,0.0087890625,0.0087890625,0.14277935028076172,0.1553126871585846,0.7361224889755249,0.47750788927078247,0.125,0.24832947552204132,0.14202457666397095,1.7484965021905112,0.34375,2.75,0.14988616108894348,0.15551042556762695,0.9638335213979744
add_stroke,5,15,0.07365455501395618,0.13152915798241738,0.591384212925688,0.16495633036401183,2,0,0.5188076469509945,36,0.0087890625,0.0087890625,0.024620413780212402,0.07150350511074066,0.546478807926178,0.36952558159828186,0.03515625,0.3060917258262634,0.06295575201511383,4.86201365290307,0.1111111119389534,3.160493850708008,0.3060917258262634,0.06295575201511383,4.86201365290307
shift_position,5,15,0.07365455501395618,0.13152915798241738,0.591384212925688,0.16495633036401183,2,0,0.5188076469509945,72,0.017578125,0.017578125,0.0021780729293823242,0.03662585839629173,0.5932964086532593,0.28314703702926636,0.07421875,0.1730063110589981,0.025692405179142952,6.7337530236151,0.3684210479259491,4.963988856265419,0.23091329634189606,0.029546556994318962,7.815235338123989
change_width,5,15,0.07365455501395618,0.13152915798241738,0.591384212925688,0.16495633036401183,2,0,0.5188076469509945,102,0.02490234375,0.02490234375,0.02350151538848877,0.06004008650779724,0.5092454552650452,0.295197457075119,0.05859375,0.2566787898540497,0.04780116304755211,5.369718506612658,0.46666666865348816,7.964444478352864,0.23355881869792938,0.053717538714408875,4.347906182739548
change_intensity,5,15,0.07365455501395618,0.13152915798241738,0.591384212925688,0.16495633036401183,2,0,0.5188076469509945,36,0.0087890625,0.005514706019312143,0.005959510803222656,0.012743613682687283,0.07156169414520264,0.04881387576460838,0.03515625,0.0364539697766304,0.011879673227667809,3.068600379657662,0.1111111119389534,3.160493850708008,0.0364539697766304,0.011879673227667809,3.068600379657662
no_change,15,15,0.07365455501395618,0.13152915798241738,0.591384212925688,0.16495633036401183,2,0,0.5188076469509945,0,0.0,0.0,0.0,1.6530975699424744e-08,2.384185791015625e-07,1.352566982859571e-07,0.0,,1.6530975699424744e-08,,,,1.3245476715439963e-08,1.6650689715902445e-08,0.7954911743259325
tiny_pixel_noise,15,15,0.07365455501395618,0.13152915798241738,0.591384212925688,0.16495633036401183,2,0,0.5188076469509945,1603,0.391357421875,0.0021876913961023092,0.011386752128601074,0.03745497390627861,0.52186119556427,0.19539014995098114,1.0,0.03745497390627861,,,1.0,1.0,0.0421944260597229,0.03728228062391281,1.1317554976145812
pixel_matched_noise,15,15,0.07365455501395618,0.13152915798241738,0.591384212925688,0.16495633036401183,2,0,0.5188076469509945,2144,0.5234375,0.008569814264774323,0.01968151330947876,0.05750035122036934,0.4088573455810547,0.29854756593704224,1.0,0.05750035122036934,,,1.0,1.0,0.05787862837314606,0.05748656764626503,1.0068200406274648
sparse_pixel_matched_noise,15,15,0.07365455501395618,0.13152915798241738,0.591384212925688,0.16495633036401183,2,0,0.5188076469509945,36,0.0087890625,0.008575559593737125,0.04840928316116333,0.08443403244018555,0.5358049869537354,0.3423423171043396,0.125,0.10131299495697021,0.08202274888753891,1.2351816579066386,0.15625,1.25,0.06335622072219849,0.08520205318927765,0.7435996944985784
add_stroke,15,15,0.07365455501395618,0.13152915798241738,0.591384212925688,0.16495633036401183,2,0,0.5188076469509945,36,0.0087890625,0.008575559593737125,0.012605905532836914,0.045951344072818756,0.6112433671951294,0.2867280840873718,0.03515625,0.19319023191928864,0.04058636352419853,4.759978848661919,0.1111111119389534,3.160493850708008,0.19319023191928864,0.04058636352419853,4.759978848661919
shift_position,15,15,0.07365455501395618,0.13152915798241738,0.591384212925688,0.16495633036401183,2,0,0.5188076469509945,72,0.017578125,0.016297105699777603,0.005352497100830078,0.03005155175924301,0.5186445116996765,0.22098276019096375,0.07421875,0.1365186721086502,0.021516211330890656,6.344921511002796,0.4736842215061188,6.382271616082442,0.15252059698104858,0.02558911219239235,5.960370794981821
change_width,15,15,0.07365455501395618,0.13152915798241738,0.591384212925688,0.16495633036401183,2,0,0.5188076469509945,102,0.02490234375,0.022980812937021255,0.009700179100036621,0.0350336916744709,0.4517914652824402,0.22647741436958313,0.05859375,0.19197207689285278,0.02526574581861496,7.598116369531991,0.5333333611488342,9.102222696940105,0.1418243795633316,0.03114253841340542,4.554040447206538
change_intensity,15,15,0.07365455501395618,0.13152915798241738,0.591384212925688,0.16495633036401183,2,0,0.5188076469509945,36,0.0087890625,0.005514706019312143,0.0048177242279052734,0.00892337504774332,0.0997781753540039,0.04602976143360138,0.03515625,0.030052550137043,0.00815348606556654,3.685852884934662,0.1111111119389534,3.160493850708008,0.030052550137043,0.00815348606556654,3.685852884934662
no_change,0,16,0.6690950950575144,0.42718415891065287,0.11654318898817999,0.5820909397290782,2,0,0.5738551382050894,0,0.0,0.0,0.0,1.83936208486557e-08,2.980232238769531e-07,1.4901161193847656e-07,0.0,,1.83936208486557e-08,,,,4.58497284583359e-09,1.9132354367457083e-08,0.23964498868118067
tiny_pixel_noise,0,16,0.6690950950575144,0.42718415891065287,0.11654318898817999,0.5820909397290782,2,0,0.5738551382050894,1387,0.338623046875,0.0018966376082971692,0.09145545959472656,0.2107672393321991,0.5567442774772644,0.3821156620979309,0.99609375,0.21067138016223907,0.2352086305618286,0.8956787838057689,0.9960784316062927,0.9999846215341606,0.2526460289955139,0.2085268199443817,1.2115757055274696
pixel_matched_noise,0,16,0.6690950950575144,0.42718415891065287,0.11654318898817999,0.5820909397290782,2,0,0.5738551382050894,1948,0.4755859375,0.010236673057079315,0.1741763949394226,0.3153861165046692,0.6127691864967346,0.5186397433280945,1.0,0.3153861165046692,,,1.0,1.0,0.36673033237457275,0.3126392960548401,1.173014195599534
sparse_pixel_matched_noise,0,16,0.6690950950575144,0.42718415891065287,0.11654318898817999,0.5820909397290782,2,0,0.5738551382050894,42,0.01025390625,0.01025390625,0.5382446646690369,0.44855087995529175,0.7842178344726562,0.7212844491004944,0.15234375,0.5579745173454285,0.4288848340511322,1.300989153836356,0.38461539149284363,2.5246548774914865,0.5071963667869568,0.4454134404659271,1.1387091648074232
add_stroke,0,16,0.6690950950575144,0.42718415891065287,0.11654318898817999,0.5820909397290782,2,0,0.5738551382050894,42,0.01025390625,0.01025390625,0.3550543785095215,0.33614784479141235,0.8226000666618347,0.7394126057624817,0.05078125,0.7793053984642029,0.31243979930877686,2.4942577744201975,0.9230769276618958,18.177514883188103,0.7793053984642029,0.31243979930877686,2.4942577744201975
shift_position,0,16,0.6690950950575144,0.42718415891065287,0.11654318898817999,0.5820909397290782,2,0,0.5738551382050894,84,0.0205078125,0.0205078125,0.024857282638549805,0.05953793227672577,0.6085845828056335,0.21698801219463348,0.0703125,0.1259719580411911,0.054513514041900635,2.310839069085979,0.3333333432674408,4.7407408820258246,0.12228818237781525,0.0561809279024601,2.1766849880110364
change_width,0,16,0.6690950950575144,0.42718415891065287,0.11654318898817999,0.5820909397290782,2,0,0.5738551382050894,132,0.0322265625,0.0322265625,0.16734528541564941,0.13157349824905396,0.3714246153831482,0.31284278631210327,0.08203125,0.3156985342502594,0.11511977016925812,2.7423485452246354,0.8095238208770752,9.868480864025297,0.3410264849662781,0.12036819010972977,2.8331944233388597
change_intensity,0,16,0.6690950950575144,0.42718415891065287,0.11654318898817999,0.5820909397290782,2,0,0.5738551382050894,42,0.01025390625,0.006433823611587286,0.03319770097732544,0.029538948088884354,0.05170387029647827,0.04244127497076988,0.05078125,0.03459661453962326,0.029268374666571617,1.1820476857273938,0.0,0.0,0.03459661453962326,0.029268374666571617,1.1820476857273938
no_change,5,16,0.6690950950575144,0.42718415891065287,0.11654318898817999,0.5820909397290782,2,0,0.5738551382050894,0,0.0,0.0,0.0,1.816079020500183e-08,2.384185791015625e-07,1.352566982859571e-07,0.0,,1.816079020500183e-08,,,,4.58497284583359e-09,1.888706790964534e-08,0.24275725950517255
tiny_pixel_noise,5,16,0.6690950950575144,0.42718415891065287,0.11654318898817999,0.5820909397290782,2,0,0.5738551382050894,1500,0.3662109375,0.0020306755322963,0.02638190984725952,0.07918469607830048,0.6012953519821167,0.324066698551178,1.0,0.07918469607830048,,,1.0,1.0,0.07973969727754593,0.07915499806404114,1.0073867630320923
pixel_matched_noise,5,16,0.6690950950575144,0.42718415891065287,0.11654318898817999,0.5820909397290782,2,0,0.5738551382050894,2067,0.504638671875,0.009256280958652496,0.04126173257827759,0.11504927277565002,0.6430949568748474,0.4390805661678314,1.0,0.11504927277565002,,,1.0,1.0,0.11462777107954025,0.11507181823253632,0.9961411302974397
sparse_pixel_matched_noise,5,16,0.6690950950575144,0.42718415891065287,0.11654318898817999,0.5820909397290782,2,0,0.5738551382050894,42,0.01025390625,0.009278301149606705,0.05417680740356445,0.11756091564893723,0.6365967392921448,0.47298887372016907,0.15234375,0.1679106205701828,0.10851189494132996,1.547393681227007,0.25641027092933655,1.683103316869491,0.08296622335910797,0.1194116547703743,0.6947916727110933
add_stroke,5,16,0.6690950950575144,0.42718415891065287,0.11654318898817999,0.5820909397290782,2,0,0.5738551382050894,42,0.01025390625,0.009278301149606705,0.05949211120605469,0.07547158002853394,0.7014214396476746,0.3728956878185272,0.05078125,0.39937132596969604,0.05814360827207565,6.868705569507975,0.5384615659713745,10.603550837590145,0.39937132596969604,0.05814360827207565,6.868705569507975
shift_position,5,16,0.6690950950575144,0.42718415891065287,0.11654318898817999,0.5820909397290782,2,0,0.5738551382050894,84,0.0205078125,0.01855660229921341,0.012496888637542725,0.03800516203045845,0.5920625925064087,0.21744896471500397,0.0703125,0.13805681467056274,0.03043823130428791,4.535638529401488,0.3333333432674408,4.7407408820258246,0.1389383226633072,0.03260544687509537,4.261199768110855
change_width,5,16,0.6690950950575144,0.42718415891065287,0.11654318898817999,0.5820909397290782,2,0,0.5738551382050894,132,0.0322265625,0.029513251036405563,0.04491603374481201,0.05713537707924843,0.3835257291793823,0.2503203749656677,0.08203125,0.24972248077392578,0.039925467222929,6.25471655421258,0.8571428656578064,10.448979695638021,0.28914499282836914,0.04472333937883377,6.465192377052526
change_intensity,5,16,0.6690950950575144,0.42718415891065287,0.11654318898817999,0.5820909397290782,2,0,0.5738551382050894,42,0.01025390625,0.006433823611587286,0.01429450511932373,0.016468802466988564,0.12984776496887207,0.06212277710437775,0.05078125,0.07109774649143219,0.01354626752436161,5.248511913969659,0.8461538553237915,16.66272207406851,0.07109774649143219,0.01354626752436161,5.248511913969659
no_change,15,16,0.6690950950575144,0.42718415891065287,0.11654318898817999,0.5820909397290782,2,0,0.5738551382050894,0,0.0,0.0,0.0,1.932494342327118e-08,3.5762786865234375e-07,1.444266359840185e-07,0.0,,1.932494342327118e-08,,,,1.3754918093411561e-08,1.962292905943741e-08,0.7009615155692722
tiny_pixel_noise,15,16,0.6690950950575144,0.42718415891065287,0.11654318898817999,0.5820909397290782,2,0,0.5738551382050894,1642,0.40087890625,0.002178117400035262,0.01568019390106201,0.024369187653064728,0.2453857660293579,0.10806410014629364,1.0,0.024369187653064728,,,1.0,1.0,0.009347544051706791,0.02517281472682953,0.3713348766573986
pixel_matched_noise,15,16,0.6690950950575144,0.42718415891065287,0.11654318898817999,0.5820909397290782,2,0,0.5738551382050894,2188,0.5341796875,0.007256242446601391,0.01341623067855835,0.028657900169491768,0.26079994440078735,0.13613271713256836,1.0,0.028657900169491768,,,1.0,1.0,0.011220674961805344,0.029590755701065063,0.37919528230911237
sparse_pixel_matched_noise,15,16,0.6690950950575144,0.42718415891065287,0.11654318898817999,0.5820909397290782,2,0,0.5738551382050894,42,0.01025390625,0.007269646041095257,0.028280019760131836,0.05549904704093933,0.42995816469192505,0.20635384321212769,0.14453125,0.08545222133398056,0.05043846741318703,1.694187506411808,0.37837839126586914,2.617969409839527,0.02882547117769718,0.056926026940345764,0.506367170291089
add_stroke,15,16,0.6690950950575144,0.42718415891065287,0.11654318898817999,0.5820909397290782,2,0,0.5738551382050894,42,0.01025390625,0.007269646041095257,0.040527164936065674,0.041422806680202484,0.2256629467010498,0.12341367453336716,0.05078125,0.1372600495815277,0.03629571571946144,3.781714917607482,0.6153846383094788,12.118343646709736,0.1372600495815277,0.03629571571946144,3.781714917607482
shift_position,15,16,0.6690950950575144,0.42718415891065287,0.11654318898817999,0.5820909397290782,2,0,0.5738551382050894,84,0.0205078125,0.010266352444887161,0.04518824815750122,0.04321037977933884,0.22868996858596802,0.12573644518852234,0.0703125,0.12413202226161957,0.03709025681018829,3.3467555346643447,0.6111111044883728,8.691357930501303,0.12271098047494888,0.03895725682377815,3.149887607077364
change_width,15,16,0.6690950950575144,0.42718415891065287,0.11654318898817999,0.5820909397290782,2,0,0.5738551382050894,125,0.030517578125,0.02009708248078823,0.013186156749725342,0.028903398662805557,0.3266398310661316,0.1563732773065567,0.078125,0.13326393067836761,0.020059283822774887,6.64350391847303,0.6000000238418579,7.680000305175781,0.1538800150156021,0.022217409685254097,6.926100620889829
change_intensity,15,16,0.6690950950575144,0.42718415891065287,0.11654318898817999,0.5820909397290782,2,0,0.5738551382050894,42,0.01025390625,0.006433823611587286,0.03789275884628296,0.03597492724657059,0.21558690071105957,0.09149570763111115,0.05078125,0.10277476906776428,0.032401278614997864,3.1719355982511144,0.692307710647583,13.633136455829327,0.10277476906776428,0.032401278614997864,3.1719355982511144
no_change,0,17,0.6319622814527746,0.6489205836261028,0.19274294543563786,0.4364858616051947,2,0,0.48789562024211175,0,0.0,0.0,0.0,1.83936208486557e-08,2.980232238769531e-07,1.4901161193847656e-07,0.0,,1.83936208486557e-08,,,,0.0,1.929822524004976e-08,0.0
tiny_pixel_noise,0,17,0.6319622814527746,0.6489205836261028,0.19274294543563786,0.4364858616051947,2,0,0.48789562024211175,1404,0.3427734375,0.0019052543211728334,0.09458482265472412,0.2180955857038498,0.4136582016944885,0.38018879294395447,1.0,0.2180955857038498,,,1.0,1.0,0.2865249812602997,0.21473020315170288,1.3343487644254457
pixel_matched_noise,0,17,0.6319622814527746,0.6489205836261028,0.19274294543563786,0.4364858616051947,2,0,0.48789562024211175,1939,0.473388671875,0.010723039507865906,0.2038644552230835,0.3416416049003601,0.5910460948944092,0.5443226099014282,1.0,0.3416416049003601,,,1.0,1.0,0.39342978596687317,0.3390946686267853,1.160235834907479
sparse_pixel_matched_noise,0,17,0.6319622814527746,0.6489205836261028,0.19274294543563786,0.4364858616051947,2,0,0.48789562024211175,44,0.0107421875,0.0107421875,0.5673110485076904,0.4424029290676117,0.7852489948272705,0.7236517667770386,0.171875,0.5351560115814209,0.42315229773521423,1.2646888943902002,0.2954545319080353,1.7190081856467507,0.47038665413856506,0.4410267174243927,1.066571787046452
add_stroke,0,17,0.6319622814527746,0.6489205836261028,0.19274294543563786,0.4364858616051947,2,0,0.48789562024211175,44,0.0107421875,0.0107421875,0.303996205329895,0.35524219274520874,0.8102257251739502,0.7362248301506042,0.046875,0.7853446006774902,0.33408957719802856,2.3507006931017917,0.9166666865348816,19.55555597941081,0.7853446006774902,0.33408957719802856,2.3507006931017917
shift_position,0,17,0.6319622814527746,0.6489205836261028,0.19274294543563786,0.4364858616051947,2,0,0.48789562024211175,87,0.021240234375,0.021240234375,0.013006985187530518,0.07416541129350662,0.46568840742111206,0.325499564409256,0.09375,0.24070708453655243,0.05693696439266205,4.227606566386852,0.5416666865348816,5.777777989705403,0.23113851249217987,0.06644541770219803,3.478622311144471
change_width,0,17,0.6319622814527746,0.6489205836261028,0.19274294543563786,0.4364858616051947,2,0,0.48789562024211175,128,0.03125,0.03125,0.18904489278793335,0.14143791794776917,0.39037561416625977,0.31410157680511475,0.078125,0.32325392961502075,0.12602977454662323,2.564901276526816,0.8999999761581421,11.519999694824218,0.3465161621570587,0.13135209679603577,2.6380710366209903
change_intensity,0,17,0.6319622814527746,0.6489205836261028,0.19274294543563786,0.4364858616051947,2,0,0.48789562024211175,44,0.0107421875,0.006740196142345667,0.028071880340576172,0.022926537320017815,0.06109273433685303,0.043439798057079315,0.046875,0.05324244126677513,0.021435588598251343,2.4838338832047984,0.9166666865348816,19.55555597941081,0.05324244126677513,0.021435588598251343,2.4838338832047984
no_change,5,17,0.6319622814527746,0.6489205836261028,0.19274294543563786,0.4364858616051947,2,0,0.48789562024211175,0,0.0,0.0,0.0,1.932494342327118e-08,1.7881393432617188e-07,1.2608674637704098e-07,0.0,,1.932494342327118e-08,,,,2.9802322387695312e-08,1.8809663160368473e-08,1.5844155279977645
tiny_pixel_noise,5,17,0.6319622814527746,0.6489205836261028,0.19274294543563786,0.4364858616051947,2,0,0.48789562024211175,1474,0.35986328125,0.0019607844296842813,0.02839338779449463,0.09121374785900116,0.4201013445854187,0.32148852944374084,1.0,0.09121374785900116,,,1.0,1.0,0.01972193457186222,0.09472973644733429,0.2081915912732089
pixel_matched_noise,5,17,0.6319622814527746,0.6489205836261028,0.19274294543563786,0.4364858616051947,2,0,0.48789562024211175,1973,0.481689453125,0.006897212006151676,0.038289666175842285,0.10846441984176636,0.517920732498169,0.3619519770145416,1.0,0.10846441984176636,,,1.0,1.0,0.026186972856521606,0.11251084506511688,0.232750654760131
sparse_pixel_matched_noise,5,17,0.6319622814527746,0.6489205836261028,0.19274294543563786,0.4364858616051947,2,0,0.48789562024211175,44,0.0107421875,0.006909658201038837,0.039902687072753906,0.124990314245224,0.737491250038147,0.41986650228500366,0.15625,0.16875344514846802,0.11688602715730667,1.4437435273709622,0.30000001192092896,1.9200000762939453,0.031212588772177696,0.1296023279428482,0.24083355035059065
add_stroke,5,17,0.6319622814527746,0.6489205836261028,0.19274294543563786,0.4364858616051947,2,0,0.48789562024211175,44,0.0107421875,0.006909658201038837,0.05561232566833496,0.06053841859102249,0.3343619108200073,0.20636071264743805,0.046875,0.2194076031446457,0.0527251735329628,4.161344353043734,0.4166666567325592,8.888888676961264,0.2194076031446457,0.0527251735329628,4.161344353043734
shift_position,5,17,0.6319622814527746,0.6489205836261028,0.19274294543563786,0.4364858616051947,2,0,0.48789562024211175,87,0.021240234375,0.017407706007361412,0.036811769008636475,0.06596719473600388,0.42294931411743164,0.2910774350166321,0.09375,0.26867422461509705,0.044997502118349075,5.970869758691275,0.75,8.0,0.255832314491272,0.05662956461310387,4.517645795780555
change_width,5,17,0.6319622814527746,0.6489205836261028,0.19274294543563786,0.4364858616051947,2,0,0.48789562024211175,128,0.03125,0.02294730395078659,0.07658392190933228,0.08037346601486206,0.5112540125846863,0.34925124049186707,0.078125,0.36631307005882263,0.056141290813684464,6.524842317475423,0.8500000238418579,10.88000030517578,0.41388261318206787,0.0639713779091835,6.469809260160588
change_intensity,5,17,0.6319622814527746,0.6489205836261028,0.19274294543563786,0.4364858616051947,2,0,0.48789562024211175,44,0.0107421875,0.006740196142345667,0.09618532657623291,0.08077624440193176,0.39113181829452515,0.23687131702899933,0.046875,0.2880011200904846,0.07058486342430115,4.08021077209212,0.9166666865348816,19.55555597941081,0.2880011200904846,0.07058486342430115,4.08021077209212
no_change,15,17,0.6319622814527746,0.6489205836261028,0.19274294543563786,0.4364858616051947,2,0,0.48789562024211175,0,0.0,0.0,0.0,1.5366822481155396e-08,2.384185791015625e-07,1.2837924145969737e-07,0.0,,1.5366822481155396e-08,,,,3.476937493473997e-08,1.441259822598795e-08,2.41242934754442
tiny_pixel_noise,15,17,0.6319622814527746,0.6489205836261028,0.19274294543563786,0.4364858616051947,2,0,0.48789562024211175,1658,0.40478515625,0.0022700291592627764,0.006543874740600586,0.02376345545053482,0.28356921672821045,0.13327684998512268,1.0,0.02376345545053482,,,1.0,1.0,0.004585623741149902,0.024706626310944557,0.18560299101292352
pixel_matched_noise,15,17,0.6319622814527746,0.6489205836261028,0.19274294543563786,0.4364858616051947,2,0,0.48789562024211175,2079,0.507568359375,0.005100145470350981,0.008736371994018555,0.030522115528583527,0.3852498531341553,0.171731099486351,1.0,0.030522115528583527,,,1.0,1.0,0.005133484955877066,0.0317707359790802,0.16157903799450118
sparse_pixel_matched_noise,15,17,0.6319622814527746,0.6489205836261028,0.19274294543563786,0.4364858616051947,2,0,0.48789562024211175,39,0.009521484375,0.005137484520673752,0.01429682970046997,0.046307992190122604,0.6826968789100647,0.2364335060119629,0.14453125,0.07252414524555206,0.04187878221273422,1.731763470989837,0.2702702581882477,1.8699780025997677,0.017258718609809875,0.04773664474487305,0.3615402528193705
add_stroke,15,17,0.6319622814527746,0.6489205836261028,0.19274294543563786,0.4364858616051947,2,0,0.48789562024211175,39,0.009521484375,0.005137484520673752,0.015591979026794434,0.025839921087026596,0.33387309312820435,0.11195969581604004,0.046875,0.128778874874115,0.020777350291609764,6.198041283739535,0.5833333134651184,12.444444020589193,0.128778874874115,0.020777350291609764,6.198041283739535
shift_position,15,17,0.6319622814527746,0.6489205836261028,0.19274294543563786,0.4364858616051947,2,0,0.48789562024211175,77,0.018798828125,0.013198912143707275,0.022032499313354492,0.03932716324925423,0.4908616542816162,0.1996344029903412,0.09375,0.17897500097751617,0.02488083392381668,7.193287874736222,0.75,8.0,0.1454063504934311,0.03411015495657921,4.262846377523856
change_width,15,17,0.6319622814527746,0.6489205836261028,0.19274294543563786,0.4364858616051947,2,0,0.48789562024211175,118,0.02880859375,0.01571882702410221,0.010930061340332031,0.024666814133524895,0.23975121974945068,0.12554115056991577,0.078125,0.13069894909858704,0.015681041404604912,8.33483859434271,0.800000011920929,10.240000152587891,0.1516495943069458,0.018421759828925133,8.23209051226645
change_intensity,15,17,0.6319622814527746,0.6489205836261028,0.19274294543563786,0.4364858616051947,2,0,0.48789562024211175,44,0.0107421875,0.006740196142345667,0.026758968830108643,0.02935878373682499,0.23976421356201172,0.1001717746257782,0.046875,0.12553779780864716,0.024628669023513794,5.097222171802793,0.6666666865348816,14.222222646077475,0.12553779780864716,0.024628669023513794,5.097222171802793
no_change,0,18,0.6934589351981194,0.09176992356114322,0.07327380829856307,0.6952936200016915,2,0,0.8653730084724631,0,0.0,0.0,0.0,1.83936208486557e-08,2.980232238769531e-07,1.4901161193847656e-07,0.0,,1.83936208486557e-08,,,,1.7029899268550253e-08,1.8515486033265915e-08,0.919765175915632
tiny_pixel_noise,0,18,0.6934589351981194,0.09176992356114322,0.07327380829856307,0.6952936200016915,2,0,0.8653730084724631,1476,0.3603515625,0.001977060455828905,0.09123605489730835,0.21914047002792358,0.44812464714050293,0.3758237957954407,1.0,0.21914047002792358,,,1.0,1.0,0.2472389042377472,0.21662954986095428,1.1412981488279867
pixel_matched_noise,0,18,0.6934589351981194,0.09176992356114322,0.07327380829856307,0.6952936200016915,2,0,0.8653730084724631,1972,0.4814453125,0.028310738503932953,0.39023518562316895,0.42321690917015076,0.7391932010650635,0.6359586715698242,1.0,0.42321690917015076,,,1.0,1.0,0.4867059588432312,0.4175434112548828,1.1656415733647614
sparse_pixel_matched_noise,0,18,0.6934589351981194,0.09176992356114322,0.07327380829856307,0.6952936200016915,2,0,0.8653730084724631,116,0.0283203125,0.0283203125,0.5173008441925049,0.4686122238636017,0.7548779845237732,0.6761316657066345,0.3515625,0.5114374756813049,0.4453936517238617,1.1482819157880355,0.5111111402511597,1.4538272433810764,0.48200398683547974,0.46741554141044617,1.0312108694139959
add_stroke,0,18,0.6934589351981194,0.09176992356114322,0.07327380829856307,0.6952936200016915,2,0,0.8653730084724631,116,0.0283203125,0.0283203125,0.42967087030410767,0.4060007333755493,0.8311682939529419,0.7850711345672607,0.08203125,0.7797655463218689,0.3726004958152771,2.0927657238235415,0.761904776096344,9.287982032412575,0.7797655463218689,0.3726004958152771,2.0927657238235415
shift_position,0,18,0.6934589351981194,0.09176992356114322,0.07327380829856307,0.6952936200016915,2,0,0.8653730084724631,88,0.021484375,0.021484375,0.08452147245407104,0.1012202799320221,0.39605438709259033,0.24656471610069275,0.10546875,0.18644237518310547,0.09117225557565689,2.044946393021846,0.40740740299224854,3.8628257468894676,0.18526394665241241,0.09370998293161392,1.976992641089383
change_width,0,18,0.6934589351981194,0.09176992356114322,0.07327380829856307,0.6952936200016915,2,0,0.8653730084724631,154,0.03759765625,0.03759765625,0.11760294437408447,0.08392063528299332,0.23677468299865723,0.19693711400032043,0.1015625,0.18118105828762054,0.07292597740888596,2.4844515593087384,0.7307692170143127,7.19526613675631,0.1942562609910965,0.07406085729598999,2.6229275231683613
change_intensity,0,18,0.6934589351981194,0.09176992356114322,0.07327380829856307,0.6952936200016915,2,0,0.8653730084724631,116,0.0283203125,0.01776960864663124,0.02784109115600586,0.01882115937769413,0.05638760328292847,0.0414636954665184,0.08203125,0.04233824461698532,0.0167196337133646,2.5322471378749674,0.8095238208770752,9.868480864025297,0.04233824461698532,0.0167196337133646,2.5322471378749674
no_change,5,18,0.6934589351981194,0.09176992356114322,0.07327380829856307,0.6952936200016915,2,0,0.8653730084724631,0,0.0,0.0,0.0,1.909211277961731e-08,2.384185791015625e-07,1.3067172233149904e-07,0.0,,1.909211277961731e-08,,,,3.4059798537100505e-08,1.775457469932462e-08,1.9183674694497823
tiny_pixel_noise,5,18,0.6934589351981194,0.09176992356114322,0.07327380829856307,0.6952936200016915,2,0,0.8653730084724631,1524,0.3720703125,0.002026845933869481,0.020978569984436035,0.0746786817908287,0.51059490442276,0.30651137232780457,1.0,0.0746786817908287,,,1.0,1.0,0.09156868606805801,0.07316935807466507,1.2514622032711766
pixel_matched_noise,5,18,0.6934589351981194,0.09176992356114322,0.07327380829856307,0.6952936200016915,2,0,0.8653730084724631,2172,0.5302734375,0.02807808667421341,0.08375310897827148,0.17857128381729126,0.6724081635475159,0.5463244318962097,1.0,0.17857128381729126,,,1.0,1.0,0.2205548733472824,0.17481955885887146,1.2616144027987863
sparse_pixel_matched_noise,5,18,0.6934589351981194,0.09176992356114322,0.07327380829856307,0.6952936200016915,2,0,0.8653730084724631,116,0.0283203125,0.02810680866241455,0.10289144515991211,0.18811170756816864,0.7134421467781067,0.5192703604698181,0.3515625,0.20280110836029053,0.18014754354953766,1.1257500622234324,0.3888888955116272,1.106172858344184,0.1630127876996994,0.1903546005487442,0.8563637927834407
add_stroke,5,18,0.6934589351981194,0.09176992356114322,0.07327380829856307,0.6952936200016915,2,0,0.8653730084724631,116,0.0283203125,0.02810680866241455,0.06022059917449951,0.11159791052341461,0.6518418788909912,0.4554363489151001,0.08203125,0.3901377320289612,0.08670712262392044,4.499488856539814,0.6190476417541504,7.546485537574405,0.3901377320289612,0.08670712262392044,4.499488856539814
shift_position,5,18,0.6934589351981194,0.09176992356114322,0.07327380829856307,0.6952936200016915,2,0,0.8653730084724631,88,0.021484375,0.02127087116241455,0.018738508224487305,0.03407994285225868,0.44231969118118286,0.14388418197631836,0.10546875,0.08839264512062073,0.027676261961460114,3.1938072144175282,0.48148149251937866,4.565157854998553,0.08380328863859177,0.029636578634381294,2.8276978146651466
change_width,5,18,0.6934589351981194,0.09176992356114322,0.07327380829856307,0.6952936200016915,2,0,0.8653730084724631,154,0.03759765625,0.03695714473724365,0.0463792085647583,0.06071910634636879,0.48622632026672363,0.26765936613082886,0.1015625,0.21592506766319275,0.04317408800125122,5.001265288034227,0.6538461446762085,6.437869732196514,0.2511066496372223,0.04370575770735741,5.74539060319165
change_intensity,5,18,0.6934589351981194,0.09176992356114322,0.07327380829856307,0.6952936200016915,2,0,0.8653730084724631,116,0.0283203125,0.01776960864663124,0.02440512180328369,0.031248781830072403,0.19037199020385742,0.10722507536411285,0.08203125,0.10019377619028091,0.025087743997573853,3.99373400015443,0.6190476417541504,7.546485537574405,0.10019377619028091,0.025087743997573853,3.99373400015443
no_change,15,18,0.6934589351981194,0.09176992356114322,0.07327380829856307,0.6952936200016915,2,0,0.8653730084724631,0,0.0,0.0,0.0,1.816079020500183e-08,2.384185791015625e-07,1.329642032033007e-07,0.0,,1.816079020500183e-08,,,,2.2706531765948057e-08,1.775457469932462e-08,1.2789116129496365
tiny_pixel_noise,15,18,0.6934589351981194,0.09176992356114322,0.07327380829856307,0.6952936200016915,2,0,0.8653730084724631,1709,0.417236328125,0.002323644235730171,0.014841079711914062,0.032835282385349274,0.526175320148468,0.15086880326271057,1.0,0.032835282385349274,,,1.0,1.0,0.014886021614074707,0.03443926200270653,0.43223985499180667
pixel_matched_noise,15,18,0.6934589351981194,0.09176992356114322,0.07327380829856307,0.6952936200016915,2,0,0.8653730084724631,2343,0.572021484375,0.01328316517174244,0.022161900997161865,0.05865957587957382,0.6097714900970459,0.26080721616744995,1.0,0.05865957587957382,,,1.0,1.0,0.02405734919011593,0.06175169348716736,0.3895820151898392
sparse_pixel_matched_noise,15,18,0.6934589351981194,0.09176992356114322,0.07327380829856307,0.6952936200016915,2,0,0.8653730084724631,116,0.0283203125,0.01329752616584301,0.034520506858825684,0.10768915712833405,0.5586279034614563,0.3620442748069763,0.3828125,0.12011977285146713,0.09997903555631638,1.2014496057406538,0.4591836631298065,1.1995001812370456,0.07878284156322479,0.11027227342128754,0.7144392612841166
add_stroke,15,18,0.6934589351981194,0.09176992356114322,0.07327380829856307,0.6952936200016915,2,0,0.8653730084724631,116,0.0283203125,0.01329752616584301,0.042128562927246094,0.06012745946645737,0.637486457824707,0.2651206851005554,0.08203125,0.17950130999088287,0.04946000874042511,3.6292211538606383,0.523809552192688,6.385487874348958,0.17950130999088287,0.04946000874042511,3.6292211538606383
shift_position,15,18,0.6934589351981194,0.09176992356114322,0.07327380829856307,0.6952936200016915,2,0,0.8653730084724631,88,0.021484375,0.015299479477107525,0.05686467885971069,0.04378904402256012,0.42522871494293213,0.18958991765975952,0.10546875,0.13353608548641205,0.03320751339197159,4.021261210081945,0.6296296119689941,5.969821506076389,0.12144752591848373,0.03684934601187706,3.295785110523793
change_width,15,18,0.6934589351981194,0.09176992356114322,0.07327380829856307,0.6952936200016915,2,0,0.8653730084724631,154,0.03759765625,0.02184436284005642,0.02754497528076172,0.0377918966114521,0.3884384036064148,0.1683242917060852,0.1015625,0.12630227208137512,0.0277863759547472,4.545474814242439,0.6538461446762085,6.437869732196514,0.13984693586826324,0.02867208421230316,4.877459721196518
change_intensity,15,18,0.6934589351981194,0.09176992356114322,0.07327380829856307,0.6952936200016915,2,0,0.8653730084724631,116,0.0283203125,0.01776960864663124,0.039054274559020996,0.03859834372997284,0.25992119312286377,0.138083815574646,0.08203125,0.12644152343273163,0.030748527497053146,4.112116375161361,0.7142857313156128,8.707483200799851,0.12644152343273163,0.030748527497053146,4.112116375161361
no_change,0,19,0.34133127865480123,0.40992962438860664,0.6952638537625018,0.36811093351013374,2,0,0.35639454348959576,0,0.0,0.0,0.0,1.83936208486557e-08,2.980232238769531e-07,1.4901161193847656e-07,0.0,,1.83936208486557e-08,,,,4.470348358154297e-08,1.754491485428389e-08,2.547945313660377
tiny_pixel_noise,0,19,0.34133127865480123,0.40992962438860664,0.6952638537625018,0.36811093351013374,2,0,0.35639454348959576,1364,0.3330078125,0.0018525965278968215,0.0910186767578125,0.20970328152179718,0.5248831510543823,0.37114444375038147,0.99609375,0.2101282775402069,0.10132861137390137,2.0737309501344696,0.9960784316062927,0.9999846215341606,0.2482692003250122,0.20845921337604523,1.190972547119578
pixel_matched_noise,0,19,0.34133127865480123,0.40992962438860664,0.6952638537625018,0.36811093351013374,2,0,0.35639454348959576,1860,0.4541015625,0.006582222878932953,0.1571388840675354,0.29546672105789185,0.5624674558639526,0.5129818916320801,1.0,0.29546672105789185,,,1.0,1.0,0.2916654050350189,0.2955893576145172,0.9867249869509321
sparse_pixel_matched_noise,0,19,0.34133127865480123,0.40992962438860664,0.6952638537625018,0.36811093351013374,2,0,0.35639454348959576,27,0.006591796875,0.006591796875,0.5620836019515991,0.4245907664299011,0.7978459596633911,0.7292079925537109,0.09765625,0.5876886248588562,0.40693944692611694,1.4441672570650437,0.2800000011920929,2.8672000122070314,0.4103013873100281,0.4250517189502716,0.9652975603141386
add_stroke,0,19,0.34133127865480123,0.40992962438860664,0.6952638537625018,0.36811093351013374,2,0,0.35639454348959576,27,0.006591796875,0.006591796875,0.20253336429595947,0.3306381106376648,0.7742186784744263,0.6815816164016724,0.03125,0.743889570236206,0.3173074424266815,2.3443810978625015,0.75,24.0,0.743889570236206,0.3173074424266815,2.3443810978625015
shift_position,0,19,0.34133127865480123,0.40992962438860664,0.6952638537625018,0.36811093351013374,2,0,0.35639454348959576,54,0.01318359375,0.01318359375,0.013068616390228271,0.044611841440200806,0.40867865085601807,0.18901187181472778,0.05859375,0.1380464881658554,0.03879640996456146,3.5582284106172146,0.3333333432674408,5.6888890584309895,0.16840985417366028,0.04061836376786232,4.1461506213332
change_width,0,19,0.34133127865480123,0.40992962438860664,0.6952638537625018,0.36811093351013374,2,0,0.35639454348959576,73,0.017822265625,0.017822265625,0.0678642988204956,0.12133083492517471,0.3071799874305725,0.24903686344623566,0.05078125,0.2771124243736267,0.11299684643745422,2.452390780011842,0.7692307829856873,15.147929264948917,0.2701643705368042,0.11652974784374237,2.318415473610003
change_intensity,0,19,0.34133127865480123,0.40992962438860664,0.6952638537625018,0.36811093351013374,2,0,0.35639454348959576,27,0.006591796875,0.004136029630899429,0.06025421619415283,0.07027330994606018,0.12500452995300293,0.10458136349916458,0.03125,0.0762292742729187,0.0700811818242073,1.0877281502491405,0.0,0.0,0.0762292742729187,0.0700811818242073,1.0877281502491405
no_change,5,19,0.34133127865480123,0.40992962438860664,0.6952638537625018,0.36811093351013374,2,0,0.35639454348959576,0,0.0,0.0,0.0,1.6298145055770874e-08,2.980232238769531e-07,1.2837924145969737e-07,0.0,,1.6298145055770874e-08,,,,3.4059798537100505e-08,1.57988218063565e-08,2.155844211332068
tiny_pixel_noise,5,19,0.34133127865480123,0.40992962438860664,0.6952638537625018,0.36811093351013374,2,0,0.35639454348959576,1482,0.36181640625,0.0019895066507160664,0.026798784732818604,0.08717028796672821,0.46256691217422485,0.35783231258392334,1.0,0.08717028796672821,,,1.0,1.0,0.018506791442632675,0.08910059183835983,0.2077067173269334
pixel_matched_noise,5,19,0.34133127865480123,0.40992962438860664,0.6952638537625018,0.36811093351013374,2,0,0.35639454348959576,1888,0.4609375,0.004766007885336876,0.024585247039794922,0.0882149338722229,0.6270328760147095,0.3682967722415924,1.0,0.0882149338722229,,,1.0,1.0,0.019349124282598495,0.09015091508626938,0.21463037024174925
sparse_pixel_matched_noise,5,19,0.34133127865480123,0.40992962438860664,0.6952638537625018,0.36811093351013374,2,0,0.35639454348959576,23,0.005615234375,0.004761220887303352,0.06415081024169922,0.11304020881652832,0.6143185496330261,0.3668093979358673,0.08984375,0.20001357793807983,0.10445486009120941,1.9148326632521366,0.3478260934352875,3.871455648671026,0.04933726042509079,0.11483106017112732,0.42965083098219065
add_stroke,5,19,0.34133127865480123,0.40992962438860664,0.6952638537625018,0.36811093351013374,2,0,0.35639454348959576,23,0.005615234375,0.004761220887303352,0.01809859275817871,0.020344434306025505,0.38016098737716675,0.10721863061189651,0.02734375,0.22633016109466553,0.014553670771420002,15.551414117400876,0.7142857313156128,26.122449602399552,0.22633016109466553,0.014553670771420002,15.551414117400876
shift_position,5,19,0.34133127865480123,0.40992962438860664,0.6952638537625018,0.36811093351013374,2,0,0.35639454348959576,44,0.0107421875,0.007326133549213409,0.01665329933166504,0.019796205684542656,0.36432087421417236,0.10073070228099823,0.05078125,0.14857150614261627,0.012906990945339203,11.510932855830847,0.8461538553237915,16.66272207406851,0.2069443017244339,0.01453501358628273,14.23764074907611
change_width,5,19,0.34133127865480123,0.40992962438860664,0.6952638537625018,0.36811093351013374,2,0,0.35639454348959576,60,0.0146484375,0.010805376805365086,0.01578611135482788,0.017301157116889954,0.1650884747505188,0.08125519752502441,0.046875,0.11405801773071289,0.012542623095214367,9.093633513888468,0.8333333134651184,17.777777353922527,0.13257406651973724,0.014060553163290024,9.428794513281886
change_intensity,5,19,0.34133127865480123,0.40992962438860664,0.6952638537625018,0.36811093351013374,2,0,0.35639454348959576,27,0.006591796875,0.004136029630899429,0.007103323936462402,0.01156323030591011,0.22368425130844116,0.05474485456943512,0.03125,0.1282922625541687,0.0077977776527404785,16.452413529524172,0.75,24.0,0.14358949661254883,0.007851648144423962,18.287816006442213
no_change,15,19,0.34133127865480123,0.40992962438860664,0.6952638537625018,0.36811093351013374,2,0,0.35639454348959576,0,0.0,0.0,0.0,1.5599653124809265e-08,2.384185791015625e-07,1.2608674637704098e-07,0.0,,1.5599653124809265e-08,,,,1.7029899268550253e-08,1.555944528774944e-08,1.094505552968431
tiny_pixel_noise,15,19,0.34133127865480123,0.40992962438860664,0.6952638537625018,0.36811093351013374,2,0,0.35639454348959576,1638,0.39990234375,0.0022116268519312143,0.00961393117904663,0.026958003640174866,0.26892411708831787,0.130634605884552,1.0,0.026958003640174866,,,1.0,1.0,0.006604756694287062,0.027530184015631676,0.23990964573781534
pixel_matched_noise,15,19,0.34133127865480123,0.40992962438860664,0.6952638537625018,0.36811093351013374,2,0,0.35639454348959576,1888,0.4609375,0.003331801388412714,0.01696467399597168,0.033801961690187454,0.23808854818344116,0.13439609110355377,1.0,0.033801961690187454,,,1.0,1.0,0.013612381182610989,0.034369539469480515,0.3960594582507723
sparse_pixel_matched_noise,15,19,0.34133127865480123,0.40992962438860664,0.6952638537625018,0.36811093351013374,2,0,0.35639454348959576,24,0.005859375,0.0033911610953509808,0.017042994499206543,0.03970630466938019,0.48823612928390503,0.17599187791347504,0.09375,0.05190610513091087,0.03844425827264786,1.3501653423195523,0.0833333358168602,0.8888889153798422,0.012789785861968994,0.04046299308538437,0.31608600567388057
add_stroke,15,19,0.34133127865480123,0.40992962438860664,0.6952638537625018,0.36811093351013374,2,0,0.35639454348959576,24,0.005859375,0.0033911610953509808,0.015399456024169922,0.017678413540124893,0.2762513756752014,0.08760377764701843,0.02734375,0.14833258092403412,0.014005404897034168,10.591095510237302,0.5714285969734192,20.897960117885045,0.14833258092403412,0.014005404897034168,10.591095510237302
shift_position,15,19,0.34133127865480123,0.40992962438860664,0.6952638537625018,0.36811093351013374,2,0,0.35639454348959576,43,0.010498046875,0.005560661666095257,0.011128246784210205,0.015942499041557312,0.2525752782821655,0.08608272671699524,0.046875,0.12335512787103653,0.010659908875823021,11.571874516752155,0.75,16.0,0.13844548165798187,0.012498639523983002,11.07684411509956
change_width,15,19,0.34133127865480123,0.40992962438860664,0.6952638537625018,0.36811093351013374,2,0,0.35639454348959576,60,0.0146484375,0.007945580407977104,0.05034637451171875,0.03680940344929695,0.3470546007156372,0.13068535923957825,0.046875,0.16503076255321503,0.03050343692302704,5.4102350161280786,0.6666666865348816,14.222222646077475,0.15709111094474792,0.03342799097299576,4.699388338104176
change_intensity,15,19,0.34133127865480123,0.40992962438860664,0.6952638537625018,0.36811093351013374,2,0,0.35639454348959576,27,0.006591796875,0.004136029630899429,0.008687615394592285,0.013315406627953053,0.22538387775421143,0.06043466180562973,0.03125,0.11862190812826157,0.009918422438204288,11.959755582838216,0.75,24.0,0.13243070244789124,0.009966783225536346,13.28720605747545
no_change,0,20,0.12334606771177777,0.7172164707501023,0.8944608581101405,0.3817803355684872,2,0,0.8409134442715788,0,0.0,0.0,0.0,1.83936208486557e-08,2.980232238769531e-07,1.4901161193847656e-07,0.0,,1.83936208486557e-08,,,,6.622738357719982e-09,1.928385628957585e-08,0.34343433482752056
tiny_pixel_noise,0,20,0.12334606771177777,0.7172164707501023,0.8944608581101405,0.3817803355684872,2,0,0.8409134442715788,1380,0.3369140625,0.0018688725540414453,0.09437984228134155,0.213711678981781,0.383079469203949,0.34697893261909485,1.0,0.213711678981781,,,1.0,1.0,0.27424657344818115,0.20913340151309967,1.3113475488084716
pixel_matched_noise,0,20,0.12334606771177777,0.7172164707501023,0.8944608581101405,0.3817803355684872,2,0,0.8409134442715788,1969,0.480712890625,0.017333026975393295,0.2990231513977051,0.3965255916118622,0.6365116834640503,0.5994717478752136,1.0,0.3965255916118622,,,1.0,1.0,0.49019855260849,0.3894411027431488,1.2587232039854677
sparse_pixel_matched_noise,0,20,0.12334606771177777,0.7172164707501023,0.8944608581101405,0.3817803355684872,2,0,0.8409134442715788,71,0.017333984375,0.017333984375,0.5650995969772339,0.45497286319732666,0.8038051128387451,0.7233932018280029,0.2578125,0.5191511511802673,0.43267935514450073,1.1998519111384176,0.39393940567970276,1.528007391727332,0.4128694534301758,0.45815712213516235,0.9011525380333908
add_stroke,0,20,0.12334606771177777,0.7172164707501023,0.8944608581101405,0.3817803355684872,2,0,0.8409134442715788,71,0.017333984375,0.017333984375,0.3807797431945801,0.38055163621902466,0.8072080016136169,0.7606775760650635,0.0703125,0.7757894992828369,0.35065966844558716,2.212371621526296,0.9444444179534912,13.432098388671875,0.7757894992828369,0.35065966844558716,2.212371621526296
shift_position,0,20,0.12334606771177777,0.7172164707501023,0.8944608581101405,0.3817803355684872,2,0,0.8409134442715788,142,0.03466796875,0.03466796875,0.018319129943847656,0.05135864391922951,0.42901545763015747,0.1800583302974701,0.09765625,0.07347778975963593,0.04896479845046997,1.500624777082702,0.11999999731779099,1.2287999725341796,0.06707795709371567,0.05016979202628136,1.337018839116913
change_width,0,20,0.12334606771177777,0.7172164707501023,0.8944608581101405,0.3817803355684872,2,0,0.8409134442715788,209,0.051025390625,0.051025390625,0.1602601408958435,0.12059811502695084,0.35196173191070557,0.294294148683548,0.1171875,0.26891836524009705,0.10090959072113037,2.6649435729381645,0.7666666507720947,6.542222086588541,0.2927801311016083,0.10757593810558319,2.721613552784003
change_intensity,0,20,0.12334606771177777,0.7172164707501023,0.8944608581101405,0.3817803355684872,2,0,0.8409134442715788,71,0.017333984375,0.010876225307583809,0.04694831371307373,0.027912218123674393,0.09951162338256836,0.07076798379421234,0.0703125,0.07842440158128738,0.024091964587569237,3.2552098977329615,0.9444444179534912,13.432098388671875,0.07842440158128738,0.024091964587569237,3.2552098977329615
no_change,5,20,0.12334606771177777,0.7172164707501023,0.8944608581101405,0.3817803355684872,2,0,0.8409134442715788,0,0.0,0.0,0.0,2.3283064365386963e-08,2.384185791015625e-07,1.444266359840185e-07,0.0,,2.3283064365386963e-08,,,,2.317958447406454e-08,2.329089099362136e-08,0.9952210278435761
tiny_pixel_noise,5,20,0.12334606771177777,0.7172164707501023,0.8944608581101405,0.3817803355684872,2,0,0.8409134442715788,1406,0.34326171875,0.0019148284336552024,0.029141724109649658,0.09364787489175797,0.4494516849517822,0.30780309438705444,1.0,0.09364787489175797,,,1.0,1.0,0.06580005586147308,0.09575400501489639,0.6871781065579096
pixel_matched_noise,5,20,0.12334606771177777,0.7172164707501023,0.8944608581101405,0.3817803355684872,2,0,0.8409134442715788,2029,0.495361328125,0.01522097084671259,0.057511210441589355,0.16868820786476135,0.6032124757766724,0.5273169875144958,1.0,0.16868820786476135,,,1.0,1.0,0.09675881266593933,0.1741282343864441,0.5556756088803024
sparse_pixel_matched_noise,5,20,0.12334606771177777,0.7172164707501023,0.8944608581101405,0.3817803355684872,2,0,0.8409134442715788,69,0.016845703125,0.015230545774102211,0.131402850151062,0.21166305243968964,0.7651450634002686,0.5118762850761414,0.2421875,0.25719553232192993,0.19711145758628845,1.3048228422203147,0.3709677457809448,1.531737789030998,0.17361463606357574,0.21454066038131714,0.8092388443057792
add_stroke,5,20,0.12334606771177777,0.7172164707501023,0.8944608581101405,0.3817803355684872,2,0,0.8409134442715788,69,0.016845703125,0.015230545774102211,0.1147426962852478,0.13097915053367615,0.7423644661903381,0.48455363512039185,0.0703125,0.41232091188430786,0.10970120131969452,3.758581555389808,0.4444444477558136,6.320987701416016,0.41232091188430786,0.10970120131969452,3.758581555389808
shift_position,5,20,0.12334606771177777,0.7172164707501023,0.8944608581101405,0.3817803355684872,2,0,0.8409134442715788,138,0.03369140625,0.030278224498033524,0.041731059551239014,0.06320478767156601,0.5068776607513428,0.2658208906650543,0.09765625,0.16881448030471802,0.051775168627500534,3.260529801829592,0.4000000059604645,4.096000061035157,0.1628972738981247,0.055665023624897,2.926384707852104
change_width,5,20,0.12334606771177777,0.7172164707501023,0.8944608581101405,0.3817803355684872,2,0,0.8409134442715788,205,0.050048828125,0.04477730393409729,0.0738224983215332,0.08326920866966248,0.36623990535736084,0.2739239037036896,0.1171875,0.23406022787094116,0.06325270235538483,3.7003988628956206,0.7333333492279053,6.257777913411458,0.26211023330688477,0.06974341720342636,3.7582074956603617
change_intensity,5,20,0.12334606771177777,0.7172164707501023,0.8944608581101405,0.3817803355684872,2,0,0.8409134442715788,71,0.017333984375,0.010876225307583809,0.04721724987030029,0.037529535591602325,0.14592862129211426,0.0989978015422821,0.0703125,0.10601633042097092,0.032349858433008194,3.2771806603270046,0.8333333134651184,11.851851569281685,0.10601633042097092,0.032349858433008194,3.2771806603270046
no_change,15,20,0.12334606771177777,0.7172164707501023,0.8944608581101405,0.3817803355684872,2,0,0.8409134442715788,0,0.0,0.0,0.0,1.280568540096283e-08,2.384185791015625e-07,1.1691680157355222e-07,0.0,,1.280568540096283e-08,,,,1.1175870895385742e-08,1.2914339819758425e-08,0.8653846074490859
tiny_pixel_noise,15,20,0.12334606771177777,0.7172164707501023,0.8944608581101405,0.3817803355684872,2,0,0.8409134442715788,1657,0.404541015625,0.002200137823820114,0.008623838424682617,0.027524054050445557,0.3969295024871826,0.13983072340488434,1.0,0.027524054050445557,,,1.0,1.0,0.01578754186630249,0.028306491672992706,0.5577357324491549
pixel_matched_noise,15,20,0.12334606771177777,0.7172164707501023,0.8944608581101405,0.3817803355684872,2,0,0.8409134442715788,2193,0.535400390625,0.011160577647387981,0.02528434991836548,0.057874638587236404,0.3127857446670532,0.22264903783798218,1.0,0.057874638587236404,,,1.0,1.0,0.03538143262267113,0.059374187141656876,0.5959059706915557
sparse_pixel_matched_noise,15,20,0.12334606771177777,0.7172164707501023,0.8944608581101405,0.3817803355684872,2,0,0.8409134442715788,61,0.014892578125,0.011175896041095257,0.0417323112487793,0.09172556549310684,0.5780317783355713,0.3235643208026886,0.203125,0.1061181128025055,0.08805688470602036,1.2051086426323496,0.25,1.2307692307692308,0.06450080871582031,0.09354054927825928,0.6895491764106159
add_stroke,15,20,0.12334606771177777,0.7172164707501023,0.8944608581101405,0.3817803355684872,2,0,0.8409134442715788,61,0.014892578125,0.011175896041095257,0.01978886127471924,0.05547536909580231,0.6657670736312866,0.2970404326915741,0.0625,0.2290751188993454,0.04390205442905426,5.217867862414751,0.5,8.0,0.2290751188993454,0.04390205442905426,5.217867862414751
shift_position,15,20,0.12334606771177777,0.7172164707501023,0.8944608581101405,0.3817803355684872,2,0,0.8409134442715788,129,0.031494140625,0.023756319656968117,0.010929346084594727,0.04186706244945526,0.5692539811134338,0.2432931363582611,0.09375,0.15975062549114227,0.02967221289873123,5.38384602578708,0.625,6.666666666666667,0.1729053258895874,0.0331311859190464,5.218808838055745
change_width,15,20,0.12334606771177777,0.7172164707501023,0.8944608581101405,0.3817803355684872,2,0,0.8409134442715788,192,0.046875,0.03514763340353966,0.03601419925689697,0.07390771806240082,0.44606316089630127,0.29713428020477295,0.11328125,0.25481072068214417,0.050796765834093094,5.016278428323162,0.7241379022598267,6.392389757879849,0.2792701721191406,0.06021689623594284,4.6377377376758115
change_intensity,15,20,0.12334606771177777,0.7172164707501023,0.8944608581101405,0.3817803355684872,2,0,0.8409134442715788,71,0.017333984375,0.010876225307583809,0.013079941272735596,0.026140080764889717,0.21521693468093872,0.11031033098697662,0.0703125,0.1206183061003685,0.018994668498635292,6.35011377582265,0.7777777910232544,11.061728583441841,0.12075119465589523,0.0198326725512743,6.088498377801163
no_change,0,21,0.8721045840913111,0.25268011017962927,0.647566928531403,0.8642921634510603,2,0,0.651526256164121,0,0.0,0.0,0.0,1.83936208486557e-08,2.980232238769531e-07,1.4901161193847656e-07,0.0,,1.83936208486557e-08,,,,1.9868215517249155e-08,1.8301841819834408e-08,1.085585577278742
tiny_pixel_noise,0,21,0.8721045840913111,0.25268011017962927,0.647566928531403,0.8642921634510603,2,0,0.651526256164121,1409,0.343994140625,0.0019014246063306928,0.10453104972839355,0.22102978825569153,0.46190309524536133,0.39259976148605347,0.9921875,0.22097790241241455,0.22761747241020203,0.9708301391475698,0.9921259880065918,0.999938003660187,0.24253568053245544,0.2196912318468094,1.1039843442708515
pixel_matched_noise,0,21,0.8721045840913111,0.25268011017962927,0.647566928531403,0.8642921634510603,2,0,0.651526256164121,1953,0.476806640625,0.019054457545280457,0.3573910593986511,0.4201453924179077,0.6507072448730469,0.6258010864257812,1.0,0.4201453924179077,,,1.0,1.0,0.4963274598121643,0.4154037535190582,1.1948073545498028
sparse_pixel_matched_noise,0,21,0.8721045840913111,0.25268011017962927,0.647566928531403,0.8642921634510603,2,0,0.651526256164121,78,0.01904296875,0.01904296875,0.5650980472564697,0.473500519990921,0.7654730081558228,0.7169129848480225,0.27734375,0.5253718495368958,0.4535931646823883,1.1582446351561928,0.4084506928920746,1.4727236250756492,0.423713356256485,0.4765993356704712,0.8890347185658848
add_stroke,0,21,0.8721045840913111,0.25268011017962927,0.647566928531403,0.8642921634510603,2,0,0.651526256164121,78,0.01904296875,0.01904296875,0.4315462112426758,0.416210412979126,0.8309181332588196,0.7666142582893372,0.05859375,0.768427848815918,0.39428818225860596,1.948899011920984,0.6000000238418579,10.240000406901041,0.768427848815918,0.39428818225860596,1.948899011920984
shift_position,0,21,0.8721045840913111,0.25268011017962927,0.647566928531403,0.8642921634510603,2,0,0.651526256164121,158,0.03857421875,0.03857421875,0.08804714679718018,0.09313562512397766,0.3952416181564331,0.24070852994918823,0.09765625,0.17563331127166748,0.08420730382204056,2.0857253860406457,0.4399999976158142,4.5055999755859375,0.21025189757347107,0.08584622293710709,2.449168878722905
change_width,0,21,0.8721045840913111,0.25268011017962927,0.647566928531403,0.8642921634510603,2,0,0.651526256164121,182,0.04443359375,0.04443359375,0.2614288926124573,0.20709040760993958,0.4861282706260681,0.4232916831970215,0.09765625,0.39514845609664917,0.1867378205060959,2.1160601265759653,0.6800000071525574,6.963200073242188,0.43033117055892944,0.19319577515125275,2.2274357201756803
change_intensity,0,21,0.8721045840913111,0.25268011017962927,0.647566928531403,0.8642921634510603,2,0,0.651526256164121,78,0.01904296875,0.01194852963089943,0.0507696270942688,0.03945799544453621,0.07964634895324707,0.06287222355604172,0.05859375,0.06134667620062828,0.0380956307053566,1.6103336541427145,0.5333333611488342,9.102222696940105,0.06134667620062828,0.0380956307053566,1.6103336541427145
no_change,5,21,0.8721045840913111,0.25268011017962927,0.647566928531403,0.8642921634510603,2,0,0.651526256164121,0,0.0,0.0,0.0,1.885928213596344e-08,2.384185791015625e-07,1.3067172233149904e-07,0.0,,1.885928213596344e-08,,,,0.0,2.0033096959082286e-08,0.0
tiny_pixel_noise,5,21,0.8721045840913111,0.25268011017962927,0.647566928531403,0.8642921634510603,2,0,0.651526256164121,1624,0.396484375,0.002190563827753067,0.017506003379821777,0.06515602767467499,0.5975129008293152,0.30924680829048157,1.0,0.06515602767467499,,,1.0,1.0,0.0434105284512043,0.06650948524475098,0.6526968039439205
pixel_matched_noise,5,21,0.8721045840913111,0.25268011017962927,0.647566928531403,0.8642921634510603,2,0,0.651526256164121,2234,0.54541015625,0.01655082032084465,0.06873559951782227,0.1318575143814087,0.6812868714332581,0.4688778519630432,1.0,0.1318575143814087,,,1.0,1.0,0.1244862899184227,0.13231630623340607,0.9408234968321197
sparse_pixel_matched_noise,5,21,0.8721045840913111,0.25268011017962927,0.647566928531403,0.8642921634510603,2,0,0.651526256164121,78,0.01904296875,0.01654699072241783,0.07830893993377686,0.17706476151943207,0.5463589429855347,0.48664936423301697,0.2421875,0.21853101253509521,0.16381266713142395,1.3340300012316613,0.32258063554763794,1.3319458500031502,0.1554824411869049,0.17840807139873505,0.8714989180024695
add_stroke,5,21,0.8721045840913111,0.25268011017962927,0.647566928531403,0.8642921634510603,2,0,0.651526256164121,78,0.01904296875,0.01654699072241783,0.04511463642120361,0.0834989994764328,0.7239946126937866,0.34653663635253906,0.05859375,0.3155955970287323,0.06905315071344376,4.570328707206837,0.46666666865348816,7.964444478352864,0.3155955970287323,0.06905315071344376,4.570328707206837
shift_position,5,21,0.8721045840913111,0.25268011017962927,0.647566928531403,0.8642921634510603,2,0,0.651526256164121,158,0.03857421875,0.03607824072241783,0.01746368408203125,0.051525138318538666,0.6085997223854065,0.27426621317863464,0.09765625,0.19829490780830383,0.035640962421894073,5.563679943908928,0.5199999809265137,5.3247998046875,0.21174009144306183,0.041553251445293427,5.095632329080828
change_width,5,21,0.8721045840913111,0.25268011017962927,0.647566928531403,0.8642921634510603,2,0,0.651526256164121,182,0.04443359375,0.03950195387005806,0.05549311637878418,0.0858343169093132,0.4388374090194702,0.3785052001476288,0.09765625,0.3048875629901886,0.0621272549033165,4.907468766560825,0.6000000238418579,6.144000244140625,0.3668138384819031,0.06834596395492554,5.367015362074905
change_intensity,5,21,0.8721045840913111,0.25268011017962927,0.647566928531403,0.8642921634510603,2,0,0.651526256164121,78,0.01904296875,0.01194852963089943,0.02028512954711914,0.031967028975486755,0.21350783109664917,0.11100110411643982,0.05859375,0.09673002362251282,0.027936136350035667,3.4625412193905376,0.46666666865348816,7.964444478352864,0.09673002362251282,0.027936136350035667,3.4625412193905376
no_change,15,21,0.8721045840913111,0.25268011017962927,0.647566928531403,0.8642921634510603,2,0,0.651526256164121,0,0.0,0.0,0.0,2.0023435354232788e-08,2.384185791015625e-07,1.3754917915775877e-07,0.0,,2.0023435354232788e-08,,,,2.1287373641598606e-08,1.9950315177652556e-08,1.0670194155851613
tiny_pixel_noise,15,21,0.8721045840913111,0.25268011017962927,0.647566928531403,0.8642921634510603,2,0,0.651526256164121,1727,0.421630859375,0.0023073682095855474,0.00561976432800293,0.016168298199772835,0.32942742109298706,0.08389515429735184,1.0,0.016168298199772835,,,1.0,1.0,0.006128132343292236,0.01674913614988327,0.36587751681360264
pixel_matched_noise,15,21,0.8721045840913111,0.25268011017962927,0.647566928531403,0.8642921634510603,2,0,0.651526256164121,2373,0.579345703125,0.012991153635084629,0.028458893299102783,0.04626971855759621,0.37657302618026733,0.1665734201669693,1.0,0.04626971855759621,,,1.0,1.0,0.031698912382125854,0.047112658619880676,0.6728321710282233
sparse_pixel_matched_noise,15,21,0.8721045840913111,0.25268011017962927,0.647566928531403,0.8642921634510603,2,0,0.651526256164121,66,0.01611328125,0.013008386828005314,0.03797048330307007,0.09060077369213104,0.6677425503730774,0.35081958770751953,0.21875,0.12277843058109283,0.08159102499485016,1.5048031396693733,0.3571428656578064,1.632653100149972,0.0637379065155983,0.09215482324361801,0.6916393984838155
add_stroke,15,21,0.8721045840913111,0.25268011017962927,0.647566928531403,0.8642921634510603,2,0,0.651526256164121,66,0.01611328125,0.013008386828005314,0.05195337533950806,0.07505939155817032,0.49832993745803833,0.31529366970062256,0.0546875,0.2606962323188782,0.06432007253170013,4.053108494092479,0.4285714328289032,7.836734771728516,0.2606962323188782,0.06432007253170013,4.053108494092479
shift_position,15,21,0.8721045840913111,0.25268011017962927,0.647566928531403,0.8642921634510603,2,0,0.651526256164121,146,0.03564453125,0.030256204307079315,0.03583395481109619,0.055475518107414246,0.47265297174453735,0.2785433232784271,0.09765625,0.1969079226255417,0.04016898572444916,4.90198891195035,0.6000000238418579,6.144000244140625,0.17531141638755798,0.048542868345975876,3.611476255133387
change_width,15,21,0.8721045840913111,0.25268011017962927,0.647566928531403,0.8642921634510603,2,0,0.651526256164121,155,0.037841796875,0.03123563900589943,0.037548065185546875,0.06400471180677414,0.4501885175704956,0.2919679880142212,0.09765625,0.23314577341079712,0.04569940268993378,5.101724742283168,0.6399999856948853,6.553599853515625,0.2619055211544037,0.052555911242961884,4.9833694243000535
change_intensity,15,21,0.8721045840913111,0.25268011017962927,0.647566928531403,0.8642921634510603,2,0,0.651526256164121,78,0.01904296875,0.01194852963089943,0.052552223205566406,0.052679821848869324,0.39655739068984985,0.24236124753952026,0.05859375,0.2187640368938446,0.04234263300895691,5.166519447375144,0.6000000238418579,10.240000406901041,0.20606450736522675,0.04380633309483528,4.703988962489114
no_change,0,22,0.8734281897622251,0.7505923026642711,0.6271232069635867,0.4990136025162146,2,0,0.35207667761387335,0,0.0,0.0,0.0,1.83936208486557e-08,2.980232238769531e-07,1.4901161193847656e-07,0.0,,1.83936208486557e-08,,,,1.0837208463954084e-08,1.8732889017769594e-08,0.5785123935594854
tiny_pixel_noise,0,22,0.8734281897622251,0.7505923026642711,0.6271232069635867,0.4990136025162146,2,0,0.35207667761387335,1427,0.348388671875,0.0018966376082971692,0.09496867656707764,0.22170427441596985,0.4631198048591614,0.38461488485336304,1.0,0.22170427441596985,,,1.0,1.0,0.2840929329395294,0.21890313923358917,1.2978020047322252
pixel_matched_noise,0,22,0.8734281897622251,0.7505923026642711,0.6271232069635867,0.4990136025162146,2,0,0.35207667761387335,1916,0.4677734375,0.011697687208652496,0.21627938747406006,0.34909313917160034,0.586588978767395,0.5462124347686768,1.0,0.34909313917160034,,,1.0,1.0,0.42517995834350586,0.3456769585609436,1.2299921872534807
sparse_pixel_matched_noise,0,22,0.8734281897622251,0.7505923026642711,0.6271232069635867,0.4990136025162146,2,0,0.35207667761387335,48,0.01171875,0.01171875,0.5539435148239136,0.4483819603919983,0.7725154161453247,0.7251884937286377,0.18359375,0.5469735264778137,0.4262106716632843,1.2833407580886071,0.4680851101875305,2.5495699618725065,0.4437834620475769,0.44858843088150024,0.9892886920322904
add_stroke,0,22,0.8734281897622251,0.7505923026642711,0.6271232069635867,0.4990136025162146,2,0,0.35207667761387335,48,0.01171875,0.01171875,0.3602902293205261,0.3597969710826874,0.802677571773529,0.7193898558616638,0.04296875,0.7556827068328857,0.34202250838279724,2.2094531450752157,0.8181818127632141,19.04132218794389,0.7556827068328857,0.34202250838279724,2.2094531450752157
shift_position,0,22,0.8734281897622251,0.7505923026642711,0.6271232069635867,0.4990136025162146,2,0,0.35207667761387335,96,0.0234375,0.0234375,0.06900286674499512,0.09591090679168701,0.5240582227706909,0.3127056360244751,0.08203125,0.2786005437374115,0.07958545535802841,3.5006464747117496,0.6190476417541504,7.546485537574405,0.2819617986679077,0.0875576063990593,3.2203004429200233
change_width,0,22,0.8734281897622251,0.7505923026642711,0.6271232069635867,0.4990136025162146,2,0,0.35207667761387335,63,0.015380859375,0.015380859375,0.16230499744415283,0.11315882205963135,0.41223442554473877,0.2620822489261627,0.0546875,0.2888376712799072,0.10299559682607651,2.804369120435827,0.8571428656578064,15.673469543457031,0.2988393306732178,0.10482215136289597,2.8509177381661557
change_intensity,0,22,0.8734281897622251,0.7505923026642711,0.6271232069635867,0.4990136025162146,2,0,0.35207667761387335,48,0.01171875,0.007352941203862429,0.0395352840423584,0.026711629703640938,0.07760423421859741,0.053611334413290024,0.04296875,0.06268326938152313,0.025096578523516655,2.4976818781407197,0.7272727489471436,16.925620339133523,0.06268326938152313,0.025096578523516655,2.4976818781407197
no_change,5,22,0.8734281897622251,0.7505923026642711,0.6271232069635867,0.4990136025162146,2,0,0.35207667761387335,0,0.0,0.0,0.0,1.6996636986732483e-08,2.384185791015625e-07,1.3067172233149904e-07,0.0,,1.6996636986732483e-08,,,,2.709302115988521e-08,1.6543330261242772e-08,1.637700555574227
tiny_pixel_noise,5,22,0.8734281897622251,0.7505923026642711,0.6271232069635867,0.4990136025162146,2,0,0.35207667761387335,1450,0.35400390625,0.001953125,0.025506794452667236,0.0832846388220787,0.45765984058380127,0.34387895464897156,0.99609375,0.08356974273920059,0.010582566261291504,7.89692600790781,0.9960784316062927,0.9999846215341606,0.02070479467511177,0.08609434217214584,0.24048960887246787
pixel_matched_noise,5,22,0.8734281897622251,0.7505923026642711,0.6271232069635867,0.4990136025162146,2,0,0.35207667761387335,1978,0.48291015625,0.01000785082578659,0.03167659044265747,0.11045721918344498,0.6602597236633301,0.43508434295654297,1.0,0.11045721918344498,,,1.0,1.0,0.023813355714082718,0.11434734612703323,0.2082545552708103
sparse_pixel_matched_noise,5,22,0.8734281897622251,0.7505923026642711,0.6271232069635867,0.4990136025162146,2,0,0.35207667761387335,43,0.010498046875,0.01001168042421341,0.04793065786361694,0.12608808279037476,0.6772962808609009,0.4458632469177246,0.15625,0.2249641865491867,0.10777769982814789,2.0872980858553607,0.42500001192092896,2.720000076293945,0.05276604741811752,0.12938009202480316,0.4078374546835371
add_stroke,5,22,0.8734281897622251,0.7505923026642711,0.6271232069635867,0.4990136025162146,2,0,0.35207667761387335,43,0.010498046875,0.01001168042421341,0.04563850164413452,0.05321912467479706,0.5109391212463379,0.22496861219406128,0.04296875,0.22506584227085114,0.04550355300307274,4.946115795741335,0.4545454680919647,10.578512711958451,0.22506584227085114,0.04550355300307274,4.946115795741335
shift_position,5,22,0.8734281897622251,0.7505923026642711,0.6271232069635867,0.4990136025162146,2,0,0.35207667761387335,86,0.02099609375,0.019780177623033524,0.008925020694732666,0.030340436846017838,0.5603468418121338,0.20334497094154358,0.08203125,0.17978523671627045,0.01698579639196396,10.584445531286804,0.7142857313156128,8.707483200799851,0.149945929646492,0.024970395490527153,6.00494812760879
change_width,5,22,0.8734281897622251,0.7505923026642711,0.6271232069635867,0.4990136025162146,2,0,0.35207667761387335,57,0.013916015625,0.013064874336123466,0.026633262634277344,0.029884550720453262,0.22931033372879028,0.11835359781980515,0.05078125,0.1411750167608261,0.023930741474032402,5.8993164467560355,0.692307710647583,13.633136455829327,0.1399526745080948,0.024942714720964432,5.610964005873191
change_intensity,5,22,0.8734281897622251,0.7505923026642711,0.6271232069635867,0.4990136025162146,2,0,0.35207667761387335,48,0.01171875,0.007352941203862429,0.03777819871902466,0.025409404188394547,0.13057756423950195,0.07391783595085144,0.04296875,0.09188273549079895,0.022424886003136635,4.097355744771547,0.7272727489471436,16.925620339133523,0.09188273549079895,0.022424886003136635,4.097355744771547
no_change,15,22,0.8734281897622251,0.7505923026642711,0.6271232069635867,0.4990136025162146,2,0,0.35207667761387335,0,0.0,0.0,0.0,2.0023435354232788e-08,2.384185791015625e-07,1.444266359840185e-07,0.0,,2.0023435354232788e-08,,,,3.7930227847482456e-08,1.9219456248720235e-08,1.973532828224946
tiny_pixel_noise,15,22,0.8734281897622251,0.7505923026642711,0.6271232069635867,0.4990136025162146,2,0,0.35207667761387335,1605,0.391845703125,0.0021829043980687857,0.008569121360778809,0.034454140812158585,0.28903985023498535,0.17823433876037598,1.0,0.034454140812158585,,,1.0,1.0,0.007391355466097593,0.03566920757293701,0.2072195030120482
pixel_matched_noise,15,22,0.8734281897622251,0.7505923026642711,0.6271232069635867,0.4990136025162146,2,0,0.35207667761387335,2141,0.522705078125,0.00867513008415699,0.01631540060043335,0.05623644217848778,0.39766883850097656,0.2541879713535309,0.99609375,0.055868469178676605,0.15006870031356812,0.37228595344625226,0.9960784316062927,0.9999846215341606,0.018955571576952934,0.05791028216481209,0.3273265276623168
sparse_pixel_matched_noise,15,22,0.8734281897622251,0.7505923026642711,0.6271232069635867,0.4990136025162146,2,0,0.35207667761387335,41,0.010009765625,0.008730660192668438,0.04367715120315552,0.08814113587141037,0.5947149991989136,0.39443618059158325,0.15234375,0.10443107783794403,0.08521345257759094,1.2255233731182822,0.23076923191547394,1.5147929069323418,0.08258114010095596,0.0883907675743103,0.9342733677646801
add_stroke,15,22,0.8734281897622251,0.7505923026642711,0.6271232069635867,0.4990136025162146,2,0,0.35207667761387335,41,0.010009765625,0.008730660192668438,0.010769367218017578,0.02124740183353424,0.2782593369483948,0.11471417546272278,0.04296875,0.14489556849002838,0.015695851296186447,9.231456501198698,0.6363636255264282,14.809917103160512,0.14489556849002838,0.015695851296186447,9.231456501198698
shift_position,15,22,0.8734281897622251,0.7505923026642711,0.6271232069635867,0.4990136025162146,2,0,0.35207667761387335,80,0.01953125,0.01694335974752903,0.06224489212036133,0.057183295488357544,0.6199243068695068,0.2429562509059906,0.08203125,0.23386895656585693,0.041394367814064026,5.649777226127809,0.6190476417541504,7.546485537574405,0.18494462966918945,0.051447074860334396,3.5948521888030887
change_width,15,22,0.8734281897622251,0.7505923026642711,0.6271232069635867,0.4990136025162146,2,0,0.35207667761387335,52,0.0126953125,0.010807291604578495,0.011304795742034912,0.02064620889723301,0.32588058710098267,0.11630965024232864,0.05078125,0.16217797994613647,0.013074549846351147,12.404096649751747,0.692307710647583,13.633136455829327,0.15773247182369232,0.014491315931081772,10.884620318392138
change_intensity,15,22,0.8734281897622251,0.7505923026642711,0.6271232069635867,0.4990136025162146,2,0,0.35207667761387335,48,0.01171875,0.007352941203862429,0.008724749088287354,0.013768075965344906,0.17182105779647827,0.07078325748443604,0.04296875,0.10850600898265839,0.009514535777270794,11.404235742312054,0.8181818127632141,19.04132218794389,0.10850600898265839,0.009514535777270794,11.404235742312054
no_change,0,23,0.5084239696052715,0.12640658912519218,0.867350248657633,0.18104695820321645,2,0,0.36306148752980727,0,0.0,0.0,0.0,1.83936208486557e-08,2.980232238769531e-07,1.4901161193847656e-07,0.0,,1.83936208486557e-08,,,,4.257474728319721e-08,1.7713830402499298e-08,2.4034749298034495
tiny_pixel_noise,0,23,0.5084239696052715,0.12640658912519218,0.867350248657633,0.18104695820321645,2,0,0.36306148752980727,1431,0.349365234375,0.0018841911805793643,0.10020995140075684,0.22196055948734283,0.5337077379226685,0.387132465839386,1.0,0.22196055948734283,,,1.0,1.0,0.2120143622159958,0.22224019467830658,0.9539874752309648
pixel_matched_noise,0,23,0.5084239696052715,0.12640658912519218,0.867350248657633,0.18104695820321645,2,0,0.36306148752980727,1828,0.4462890625,0.006845511496067047,0.15146124362945557,0.28763577342033386,0.528612494468689,0.49160677194595337,1.0,0.28763577342033386,,,1.0,1.0,0.31470346450805664,0.2868748605251312,1.0970060741188143
sparse_pixel_matched_noise,0,23,0.5084239696052715,0.12640658912519218,0.867350248657633,0.18104695820321645,2,0,0.36306148752980727,28,0.0068359375,0.0068359375,0.4985008239746094,0.4149930775165558,0.7943426370620728,0.7070035338401794,0.109375,0.5676140785217285,0.3962501287460327,1.4324640860508782,0.3214285671710968,2.9387754712785994,0.3648834526538849,0.41640177369117737,0.8762773736994194
add_stroke,0,23,0.5084239696052715,0.12640658912519218,0.867350248657633,0.18104695820321645,2,0,0.36306148752980727,28,0.0068359375,0.0068359375,0.21318572759628296,0.29270511865615845,0.7452266812324524,0.6676865816116333,0.02734375,0.709362804889679,0.2809918224811554,2.524496259805753,0.4285714328289032,15.673469543457031,0.709362804889679,0.2809918224811554,2.524496259805753
shift_position,0,23,0.5084239696052715,0.12640658912519218,0.867350248657633,0.18104695820321645,2,0,0.36306148752980727,56,0.013671875,0.013671875,0.0978289246559143,0.12080011516809464,0.4847525358200073,0.2882063686847687,0.0546875,0.27731019258499146,0.11174581944942474,2.481615813023769,0.5714285969734192,10.448980058942523,0.32605454325675964,0.11502991616725922,2.8345195243180057
change_width,0,23,0.5084239696052715,0.12640658912519218,0.867350248657633,0.18104695820321645,2,0,0.36306148752980727,76,0.0185546875,0.0185546875,0.07140147686004639,0.12940318882465363,0.31908881664276123,0.27317625284194946,0.046875,0.2666843831539154,0.12265164405107498,2.174323754216143,0.4166666567325592,8.888888676961264,0.27035000920295715,0.1254408210515976,2.155199614739081
change_intensity,0,23,0.5084239696052715,0.12640658912519218,0.867350248657633,0.18104695820321645,2,0,0.36306148752980727,28,0.0068359375,0.00428921589627862,0.037778615951538086,0.04359673708677292,0.09205824136734009,0.07482749223709106,0.02734375,0.06725937873125076,0.04293152317404747,1.5666664902285536,0.0,0.0,0.06725937873125076,0.04293152317404747,1.5666664902285536
no_change,5,23,0.5084239696052715,0.12640658912519218,0.867350248657633,0.18104695820321645,2,0,0.36306148752980727,0,0.0,0.0,5.960464477539063e-08,1.792795956134796e-08,2.384185791015625e-07,1.329642032033007e-07,0.0,,1.792795956134796e-08,,,,0.0,1.8431958181963637e-08,0.0
tiny_pixel_noise,5,23,0.5084239696052715,0.12640658912519218,0.867350248657633,0.18104695820321645,2,0,0.36306148752980727,1566,0.38232421875,0.002086205640807748,0.017596960067749023,0.0638837143778801,0.3333773612976074,0.2565799355506897,0.99609375,0.06342209875583649,0.1815955638885498,0.3492491633482874,0.9960784316062927,0.9999846215341606,0.053563423454761505,0.06417384743690491,0.8346612458825152
pixel_matched_noise,5,23,0.5084239696052715,0.12640658912519218,0.867350248657633,0.18104695820321645,2,0,0.36306148752980727,2000,0.48828125,0.006269148085266352,0.0455089807510376,0.10421709716320038,0.45100390911102295,0.3650854825973511,1.0,0.10421709716320038,,,1.0,1.0,0.08743990212678909,0.10468874126672745,0.835236922984951
sparse_pixel_matched_noise,5,23,0.5084239696052715,0.12640658912519218,0.867350248657633,0.18104695820321645,2,0,0.36306148752980727,28,0.0068359375,0.0062873391434550285,0.08287912607192993,0.11667068302631378,0.5164662599563599,0.3892425000667572,0.10546875,0.20845511555671692,0.10584893822669983,1.9693642567321967,0.3333333432674408,3.16049392135055,0.08984832465648651,0.11742472648620605,0.7651567718749682
add_stroke,5,23,0.5084239696052715,0.12640658912519218,0.867350248657633,0.18104695820321645,2,0,0.36306148752980727,28,0.0068359375,0.0062873391434550285,0.017197906970977783,0.036802854388952255,0.5778133869171143,0.23238354921340942,0.02734375,0.3030160367488861,0.029318947345018387,10.335160849503415,0.4285714328289032,15.673469543457031,0.3030160367488861,0.029318947345018387,10.335160849503415
shift_position,5,23,0.5084239696052715,0.12640658912519218,0.867350248657633,0.18104695820321645,2,0,0.36306148752980727,56,0.013671875,0.013123276643455029,0.028501927852630615,0.05255012959241867,0.5455038547515869,0.27604803442955017,0.0546875,0.24993528425693512,0.0411311574280262,6.076543911857747,0.4285714328289032,7.836734771728516,0.2488083839416504,0.04703283682465553,5.290099444123263
change_width,5,23,0.5084239696052715,0.12640658912519218,0.867350248657633,0.18104695820321645,2,0,0.36306148752980727,76,0.0185546875,0.017274625599384308,0.01204061508178711,0.030177036300301552,0.298042356967926,0.16283273696899414,0.046875,0.18611325323581696,0.0225080419331789,8.268744735252563,0.5833333134651184,12.444444020589193,0.18248364329338074,0.02589532546699047,7.046972378315846
change_intensity,5,23,0.5084239696052715,0.12640658912519218,0.867350248657633,0.18104695820321645,2,0,0.36306148752980727,28,0.0068359375,0.00428921589627862,0.012808918952941895,0.015319740399718285,0.19325995445251465,0.07576863467693329,0.02734375,0.0817522257566452,0.01345216017216444,6.077256344732576,0.2857142984867096,10.448980058942523,0.0817522257566452,0.01345216017216444,6.077256344732576
no_change,15,23,0.5084239696052715,0.12640658912519218,0.867350248657633,0.18104695820321645,2,0,0.36306148752980727,0,0.0,0.0,1.1920928955078125e-07,2.0489096641540527e-08,2.384185791015625e-07,1.4213415511221683e-07,0.0,,2.0489096641540527e-08,,,,1.7029899268550253e-08,2.0586343296713494e-08,0.8272425570241506
tiny_pixel_noise,15,23,0.5084239696052715,0.12640658912519218,0.867350248657633,0.18104695820321645,2,0,0.36306148752980727,1687,0.411865234375,0.002240349305793643,0.00664907693862915,0.024623973295092583,0.28393661975860596,0.1329469084739685,1.0,0.024623973295092583,,,1.0,1.0,0.05959766358137131,0.02364077791571617,2.5209688020355427
pixel_matched_noise,15,23,0.5084239696052715,0.12640658912519218,0.867350248657633,0.18104695820321645,2,0,0.36306148752980727,2114,0.51611328125,0.006010646466165781,0.008730411529541016,0.03409393131732941,0.4719875454902649,0.1930064857006073,1.0,0.03409393131732941,,,1.0,1.0,0.041062016040086746,0.03389803692698479,1.211339055666643
sparse_pixel_matched_noise,15,23,0.5084239696052715,0.12640658912519218,0.867350248657633,0.18104695820321645,2,0,0.36306148752980727,27,0.006591796875,0.0060431985184550285,0.018968164920806885,0.06390805542469025,0.541978120803833,0.3206298053264618,0.09765625,0.11638504266738892,0.058228734880685806,1.9987561623289412,0.23999999463558197,2.457599945068359,0.1534336358308792,0.061391279101371765,2.499274132691117
add_stroke,15,23,0.5084239696052715,0.12640658912519218,0.867350248657633,0.18104695820321645,2,0,0.36306148752980727,27,0.006591796875,0.0060431985184550285,0.010808229446411133,0.03938165307044983,0.7808682918548584,0.26742902398109436,0.02734375,0.3460550308227539,0.03076031617820263,11.250047912965712,0.4285714328289032,15.673469543457031,0.3460550308227539,0.03076031617820263,11.250047912965712
shift_position,15,23,0.5084239696052715,0.12640658912519218,0.867350248657633,0.18104695820321645,2,0,0.36306148752980727,55,0.013427734375,0.012879136018455029,0.012174725532531738,0.03961668536067009,0.7708746790885925,0.2751055061817169,0.0546875,0.276481956243515,0.02591373398900032,10.669321386137334,0.5,9.142857142857142,0.2835445702075958,0.03275927156209946,8.655399118692253
change_width,15,23,0.5084239696052715,0.12640658912519218,0.867350248657633,0.18104695820321645,2,0,0.36306148752980727,73,0.017822265625,0.016542203724384308,0.010799884796142578,0.030186785385012627,0.36830878257751465,0.17959915101528168,0.046875,0.1990617960691452,0.021881457418203354,9.097282336575267,0.5833333134651184,12.444444020589193,0.20409822463989258,0.025297708809375763,8.067854135638177
change_intensity,15,23,0.5084239696052715,0.12640658912519218,0.867350248657633,0.18104695820321645,2,0,0.36306148752980727,28,0.0068359375,0.00428921589627862,0.006932258605957031,0.01141871977597475,0.1655292510986328,0.058708980679512024,0.02734375,0.054201867431402206,0.010215980000793934,5.305596470156551,0.1428571492433548,5.224490029471261,0.054201867431402206,0.010215980000793934,5.305596470156551
no_change,0,24,0.7653558348832603,0.2247429556848624,0.6294644583006159,0.7315302293526466,2,0,0.5246902009578143,0,0.0,0.0,0.0,1.83936208486557e-08,2.980232238769531e-07,1.4901161193847656e-07,0.0,,1.83936208486557e-08,,,,2.167441692790817e-08,1.8246320010462114e-08,1.1878788114798187
tiny_pixel_noise,0,24,0.7653558348832603,0.2247429556848624,0.6294644583006159,0.7315302293526466,2,0,0.5246902009578143,1380,0.3369140625,0.0018411074997857213,0.09105020761489868,0.21242041885852814,0.4392251968383789,0.3699018359184265,1.0,0.21242041885852814,,,1.0,1.0,0.2689221501350403,0.20988361537456512,1.2812917752303488
pixel_matched_noise,0,24,0.7653558348832603,0.2247429556848624,0.6294644583006159,0.7315302293526466,2,0,0.5246902009578143,1912,0.466796875,0.01414388045668602,0.33631759881973267,0.40040916204452515,0.629186749458313,0.6008850336074829,1.0,0.40040916204452515,,,1.0,1.0,0.4477119445800781,0.3982853591442108,1.1240984241601786
sparse_pixel_matched_noise,0,24,0.7653558348832603,0.2247429556848624,0.6294644583006159,0.7315302293526466,2,0,0.5246902009578143,58,0.01416015625,0.01416015625,0.5475409030914307,0.4589277505874634,0.751811146736145,0.7182490229606628,0.2109375,0.522845983505249,0.44184067845344543,1.1833360054926194,0.37037035822868347,1.7558298464174624,0.5074980854988098,0.45674705505371094,1.111114083568926
add_stroke,0,24,0.7653558348832603,0.2247429556848624,0.6294644583006159,0.7315302293526466,2,0,0.5246902009578143,58,0.01416015625,0.01416015625,0.3823198080062866,0.3932136595249176,0.799910306930542,0.7321674823760986,0.04296875,0.7508910894393921,0.377154678106308,1.9909366979341554,0.6363636255264282,14.809917103160512,0.7508910894393921,0.377154678106308,1.9909366979341554
shift_position,0,24,0.7653558348832603,0.2247429556848624,0.6294644583006159,0.7315302293526466,2,0,0.5246902009578143,116,0.0283203125,0.0283203125,0.0071350932121276855,0.04777081310749054,0.41768544912338257,0.23002448678016663,0.078125,0.139612078666687,0.039987657219171524,3.49137929990437,0.3499999940395355,4.479999923706055,0.20953620970249176,0.040507882833480835,5.172726764413976
change_width,0,24,0.7653558348832603,0.2247429556848624,0.6294644583006159,0.7315302293526466,2,0,0.5246902009578143,124,0.0302734375,0.0302734375,0.13627123832702637,0.14428068697452545,0.3040516972541809,0.23789295554161072,0.0703125,0.22184999287128448,0.13841409981250763,1.6027990874614442,0.5,7.111111111111111,0.23824438452720642,0.1400619000196457,1.7009935213915364
change_intensity,0,24,0.7653558348832603,0.2247429556848624,0.6294644583006159,0.7315302293526466,2,0,0.5246902009578143,58,0.01416015625,0.00888480432331562,0.03356623649597168,0.03084629960358143,0.05688202381134033,0.0464908629655838,0.04296875,0.04832514747977257,0.03006153739988804,1.6075407866516018,0.6363636255264282,14.809917103160512,0.04832514747977257,0.03006153739988804,1.6075407866516018
no_change,5,24,0.7653558348832603,0.2247429556848624,0.6294644583006159,0.7315302293526466,2,0,0.5246902009578143,0,0.0,0.0,0.0,2.1653249859809875e-08,2.980232238769531e-07,1.3754917915775877e-07,0.0,,2.1653249859809875e-08,,,,1.0837208463954084e-08,2.2138868516208277e-08,0.4895104939992739
tiny_pixel_noise,5,24,0.7653558348832603,0.2247429556848624,0.6294644583006159,0.7315302293526466,2,0,0.5246902009578143,1570,0.38330078125,0.0020948222372680902,0.027565598487854004,0.06136858090758324,0.49011218547821045,0.2606019377708435,1.0,0.06136858090758324,,,1.0,1.0,0.029995815828442574,0.06277715414762497,0.4778142022479271
pixel_matched_noise,5,24,0.7653558348832603,0.2247429556848624,0.6294644583006159,0.7315302293526466,2,0,0.5246902009578143,2110,0.51513671875,0.012227136641740799,0.08925873041152954,0.1328868567943573,0.6155053377151489,0.43339458107948303,1.0,0.1328868567943573,,,1.0,1.0,0.08061464130878448,0.1352337896823883,0.5961131570602066
sparse_pixel_matched_noise,5,24,0.7653558348832603,0.2247429556848624,0.6294644583006159,0.7315302293526466,2,0,0.5246902009578143,57,0.013916015625,0.01224054116755724,0.08480775356292725,0.14812222123146057,0.5531001091003418,0.48231077194213867,0.20703125,0.19608907401561737,0.13559883832931519,1.4460970051925937,0.3207547068595886,1.5493057538878243,0.08008459210395813,0.15117694437503815,0.5297407778350456
add_stroke,5,24,0.7653558348832603,0.2247429556848624,0.6294644583006159,0.7315302293526466,2,0,0.5246902009578143,57,0.013916015625,0.01224054116755724,0.04587787389755249,0.06484070420265198,0.6674913763999939,0.2756190598011017,0.04296875,0.25047793984413147,0.056505974382162094,4.432769146676335,0.3636363744735718,8.462810169566762,0.25047793984413147,0.056505974382162094,4.432769146676335
shift_position,5,24,0.7653558348832603,0.2247429556848624,0.6294644583006159,0.7315302293526466,2,0,0.5246902009578143,113,0.027587890625,0.02423694171011448,0.027575314044952393,0.05823748558759689,0.6702615022659302,0.298745334148407,0.078125,0.20608410239219666,0.04570811241865158,4.508698598284323,0.3499999940395355,4.479999923706055,0.2296110987663269,0.0505431592464447,4.542871917577613
change_width,5,24,0.7653558348832603,0.2247429556848624,0.6294644583006159,0.7315302293526466,2,0,0.5246902009578143,121,0.029541015625,0.02597656287252903,0.03435873985290527,0.04899999871850014,0.30413657426834106,0.22231285274028778,0.0703125,0.21925732493400574,0.03612339496612549,6.069676594340401,0.7222222089767456,10.271604749891493,0.25578081607818604,0.0397159643471241,6.440251931002339
change_intensity,5,24,0.7653558348832603,0.2247429556848624,0.6294644583006159,0.7315302293526466,2,0,0.5246902009578143,58,0.01416015625,0.00888480432331562,0.027662158012390137,0.03858891874551773,0.3571826219558716,0.12264937907457352,0.04296875,0.11828513443470001,0.035010721534490585,3.378540322802893,0.4545454680919647,10.578512711958451,0.11828513443470001,0.035010721534490585,3.378540322802893
no_change,15,24,0.7653558348832603,0.2247429556848624,0.6294644583006159,0.7315302293526466,2,0,0.5246902009578143,0,0.0,0.0,0.0,1.6763806343078613e-08,2.384185791015625e-07,1.3067172233149904e-07,0.0,,1.6763806343078613e-08,,,,0.0,1.7516466499500893e-08,0.0
tiny_pixel_noise,15,24,0.7653558348832603,0.2247429556848624,0.6294644583006159,0.7315302293526466,2,0,0.5246902009578143,1739,0.424560546875,0.002355238888412714,0.007838785648345947,0.023429758846759796,0.2899683117866516,0.12854310870170593,1.0,0.023429758846759796,,,1.0,1.0,0.009094834327697754,0.024073367938399315,0.37779650736740605
pixel_matched_noise,15,24,0.7653558348832603,0.2247429556848624,0.6294644583006159,0.7315302293526466,2,0,0.5246902009578143,2333,0.569580078125,0.008136105723679066,0.022637903690338135,0.03911406174302101,0.5459575057029724,0.17939351499080658,1.0,0.03911406174302101,,,1.0,1.0,0.019568074494600296,0.03999163582921028,0.48930417795782144
sparse_pixel_matched_noise,15,24,0.7653558348832603,0.2247429556848624,0.6294644583006159,0.7315302293526466,2,0,0.5246902009578143,58,0.01416015625,0.008159084245562553,0.032840847969055176,0.07943569123744965,0.6705135107040405,0.3321881890296936,0.2109375,0.1056639552116394,0.07242418080568314,1.4589596186823275,0.31481480598449707,1.4924553765190973,0.03659160062670708,0.08135931193828583,0.449753073802581
add_stroke,15,24,0.7653558348832603,0.2247429556848624,0.6294644583006159,0.7315302293526466,2,0,0.5246902009578143,58,0.01416015625,0.008159084245562553,0.0388721227645874,0.058835454285144806,0.7459286451339722,0.2521717846393585,0.04296875,0.2370157688856125,0.05083552375435829,4.662404385383998,0.5454545617103577,12.694215254350143,0.2370157688856125,0.05083552375435829,4.662404385383998
shift_position,15,24,0.7653558348832603,0.2247429556848624,0.6294644583006159,0.7315302293526466,2,0,0.5246902009578143,114,0.02783203125,0.01753312721848488,0.02893584966659546,0.05746868625283241,0.49899590015411377,0.2852233648300171,0.078125,0.22493986785411835,0.043276213109493256,5.197771516768286,0.550000011920929,7.040000152587891,0.20532003045082092,0.05083046108484268,4.039310800429588
change_width,15,24,0.7653558348832603,0.2247429556848624,0.6294644583006159,0.7315302293526466,2,0,0.5246902009578143,124,0.0302734375,0.01802811026573181,0.025677859783172607,0.04380179941654205,0.3580913543701172,0.2170257866382599,0.0703125,0.22877727448940277,0.029812060296535492,7.673984025719596,0.7222222089767456,10.271604749891493,0.27628186345100403,0.03336392343044281,8.280856537361295
change_intensity,15,24,0.7653558348832603,0.2247429556848624,0.6294644583006159,0.7315302293526466,2,0,0.5246902009578143,58,0.01416015625,0.00888480432331562,0.029802799224853516,0.04096951335668564,0.3488835096359253,0.17021846771240234,0.04296875,0.19013331830501556,0.034272365272045135,5.547715099199797,0.5454545617103577,12.694215254350143,0.19013331830501556,0.034272365272045135,5.547715099199797
